-2.906391016878779876e-01,3.905924796283993805e-01,1.000000000000000000e+00,0.000000000000000000e+00
5.516050860969666125e+00,3.685660495393627389e+00,1.000000000000000000e+00,0.000000000000000000e+00
5.083658154097033588e+00,3.833797976508917849e+00,1.000000000000000000e+00,0.000000000000000000e+00
2.958724943987311118e+00,2.181486737029399769e+00,1.000000000000000000e+00,0.000000000000000000e+00
3.207596143560101698e+00,1.533763802820120370e+00,1.000000000000000000e+00,0.000000000000000000e+00
4.786315466842451238e-01,-1.926972018473079307e-01,1.000000000000000000e+00,0.000000000000000000e+00
-7.551325323561544067e-01,-6.830573987191361773e-01,1.000000000000000000e+00,0.000000000000000000e+00
-7.193706243514080834e-01,7.313164930930753371e-01,1.000000000000000000e+00,0.000000000000000000e+00
1.951536620001721734e-01,9.725260368872430394e-01,1.000000000000000000e+00,0.000000000000000000e+00
-8.153261202065570368e-01,6.427760776305937451e-01,1.000000000000000000e+00,0.000000000000000000e+00
-8.807219323011112877e-01,-4.621797429768106924e-01,1.000000000000000000e+00,0.000000000000000000e+00
3.913959572121020525e+00,7.315020395894339167e+00,1.000000000000000000e+00,0.000000000000000000e+00
4.959336358631288633e+00,4.021735319606639436e+00,1.000000000000000000e+00,0.000000000000000000e+00
2.794528366601043423e+00,1.519066613191569992e+00,1.000000000000000000e+00,0.000000000000000000e+00
-9.411876927908011670e-01,-3.729965825906272348e-01,1.000000000000000000e+00,0.000000000000000000e+00
1.164405959433618687e-01,4.921022160629467956e-01,1.000000000000000000e+00,0.000000000000000000e+00
9.894490353021230256e-01,2.021268571178390649e-01,1.000000000000000000e+00,0.000000000000000000e+00
3.874339642196164224e+00,7.216172467126153123e+00,1.000000000000000000e+00,0.000000000000000000e+00
1.648612490396855756e+00,2.932569001163273015e+00,1.000000000000000000e+00,0.000000000000000000e+00
-2.703568202434419865e-01,9.610028524597412636e-01,1.000000000000000000e+00,0.000000000000000000e+00
-1.995478446893144686e-01,-4.324818400093570769e-01,1.000000000000000000e+00,0.000000000000000000e+00
-5.063522823880340917e-01,7.532632919055419485e-02,1.000000000000000000e+00,0.000000000000000000e+00
3.743240110389823627e+00,7.483952624839227852e+00,1.000000000000000000e+00,0.000000000000000000e+00
4.936004713742776495e+00,3.887150200684027723e+00,1.000000000000000000e+00,0.000000000000000000e+00
1.001104285812160377e+00,-1.174377163830160609e-01,1.000000000000000000e+00,0.000000000000000000e+00
4.704089404745333880e+00,3.987850552299119666e+00,1.000000000000000000e+00,0.000000000000000000e+00
3.905547191460386980e+00,2.132490557959872746e+00,1.000000000000000000e+00,0.000000000000000000e+00
1.233769701266522523e+00,2.626295704300418254e+00,1.000000000000000000e+00,0.000000000000000000e+00
3.198402945749633908e+00,1.541778516767592366e+00,1.000000000000000000e+00,0.000000000000000000e+00
-4.940021029703774436e-01,-2.291310078512345805e-02,1.000000000000000000e+00,0.000000000000000000e+00
2.271475296820413714e+00,2.952817077707288185e+00,1.000000000000000000e+00,0.000000000000000000e+00
5.257647027241575677e-02,4.809514090196738700e-01,1.000000000000000000e+00,0.000000000000000000e+00
5.193575271646915681e+00,4.036613488669138050e+00,1.000000000000000000e+00,0.000000000000000000e+00
-4.208144829318983260e-01,1.765992751053058474e-01,1.000000000000000000e+00,0.000000000000000000e+00
3.960741039207102077e+00,2.226925933577985184e+00,1.000000000000000000e+00,0.000000000000000000e+00
3.088324290529746996e+00,1.519637669646207723e+00,1.000000000000000000e+00,0.000000000000000000e+00
-8.666447414378017911e-01,4.008304869102948254e-01,1.000000000000000000e+00,0.000000000000000000e+00
5.013886786200083989e+00,4.073699442354093314e+00,1.000000000000000000e+00,0.000000000000000000e+00
-4.202319965366972387e-01,-2.314180298023206794e-01,1.000000000000000000e+00,0.000000000000000000e+00
-1.766441152706741680e-01,9.862220053281872678e-01,1.000000000000000000e+00,0.000000000000000000e+00
-4.257869572484589415e-01,-3.274611784547770132e-01,1.000000000000000000e+00,0.000000000000000000e+00
3.734089712774879111e+00,1.808656082503234064e+00,1.000000000000000000e+00,0.000000000000000000e+00
-5.044714909290696214e-01,-1.108512609580967756e-01,1.000000000000000000e+00,0.000000000000000000e+00
5.160045726199719240e+00,3.915348077346869182e+00,1.000000000000000000e+00,0.000000000000000000e+00
4.065042725095580067e+00,7.370522192923242955e+00,1.000000000000000000e+00,0.000000000000000000e+00
2.812216022280429328e+00,2.564228023397925771e+00,1.000000000000000000e+00,0.000000000000000000e+00
1.976375243109653068e+00,2.443091294235021138e+00,1.000000000000000000e+00,0.000000000000000000e+00
4.510198036256178877e-01,2.103207793177849505e-01,1.000000000000000000e+00,0.000000000000000000e+00
-9.227031948299200259e-01,2.720235177241366875e-01,1.000000000000000000e+00,0.000000000000000000e+00
-9.922856524403778078e-01,-7.336174313132272362e-02,1.000000000000000000e+00,0.000000000000000000e+00
6.590564458241267021e-01,-7.756746045112407062e-01,1.000000000000000000e+00,0.000000000000000000e+00
-4.766023826332858593e-01,1.447224590037186065e-01,1.000000000000000000e+00,0.000000000000000000e+00
4.110729029948982038e+00,7.385279694696611941e+00,1.000000000000000000e+00,0.000000000000000000e+00
1.995066582056756133e+00,2.403500802791050273e+00,1.000000000000000000e+00,0.000000000000000000e+00
4.975377715580302507e+00,3.971674837507440436e+00,1.000000000000000000e+00,0.000000000000000000e+00
4.160441843302658427e+00,7.367532858036994092e+00,1.000000000000000000e+00,0.000000000000000000e+00
5.017136822716597777e+00,3.818693757131246702e+00,1.000000000000000000e+00,0.000000000000000000e+00
-4.226256941474497153e-01,-8.984200766209048394e-01,1.000000000000000000e+00,0.000000000000000000e+00
3.245917092716816832e-01,-3.453695799767589336e-01,1.000000000000000000e+00,0.000000000000000000e+00
5.028077581297213605e+00,4.125041932458476168e+00,1.000000000000000000e+00,0.000000000000000000e+00
4.893916636289332156e-01,1.573190017424789255e-01,1.000000000000000000e+00,0.000000000000000000e+00
-4.314462412575538752e-01,-2.102029149822587650e-01,1.000000000000000000e+00,0.000000000000000000e+00
2.187342846221406401e+00,3.000432997385400924e+00,1.000000000000000000e+00,0.000000000000000000e+00
5.194958951254345259e+00,3.898417837755190796e+00,1.000000000000000000e+00,0.000000000000000000e+00
9.691533780122771335e-02,-4.811788240448064968e-01,1.000000000000000000e+00,0.000000000000000000e+00
3.946764612505632819e+00,2.133092438359997622e+00,1.000000000000000000e+00,0.000000000000000000e+00
8.395849580244693078e-01,5.650433182534932985e-01,1.000000000000000000e+00,0.000000000000000000e+00
4.016426842353876481e+00,2.432800512693174433e+00,1.000000000000000000e+00,0.000000000000000000e+00
2.277356041152983401e+00,1.849988200108602987e+00,1.000000000000000000e+00,0.000000000000000000e+00
2.780848331988794442e+00,1.524698595272123480e+00,1.000000000000000000e+00,0.000000000000000000e+00
2.295693897449436527e+00,1.737321871939509155e+00,1.000000000000000000e+00,0.000000000000000000e+00
4.452899033519283734e+00,7.492683224846472534e+00,1.000000000000000000e+00,0.000000000000000000e+00
-2.710358287628006346e-01,-4.557270353163408450e-01,1.000000000000000000e+00,0.000000000000000000e+00
-7.936265865670706354e-01,-6.307212288542085599e-01,1.000000000000000000e+00,0.000000000000000000e+00
4.914327466261631194e+00,4.086315804931835771e+00,1.000000000000000000e+00,0.000000000000000000e+00
-4.473733396231331927e-01,-2.300438126298608998e-01,1.000000000000000000e+00,0.000000000000000000e+00
3.651236761581082568e-01,9.609322913443257841e-01,1.000000000000000000e+00,0.000000000000000000e+00
1.243895685135178564e+00,2.604060426058652400e+00,1.000000000000000000e+00,0.000000000000000000e+00
1.311882262305176017e+00,2.686398878546542690e+00,1.000000000000000000e+00,0.000000000000000000e+00
2.225647682821467119e-02,-5.202877571428955461e-01,1.000000000000000000e+00,0.000000000000000000e+00
3.342409956440309804e-01,4.181796526955763316e-01,1.000000000000000000e+00,0.000000000000000000e+00
3.741645397523662986e+00,7.692511564578248695e+00,1.000000000000000000e+00,0.000000000000000000e+00
3.849405659810302360e+00,7.231239094250962118e+00,1.000000000000000000e+00,0.000000000000000000e+00
5.031634712407163867e+00,3.761628019138566703e+00,1.000000000000000000e+00,0.000000000000000000e+00
1.180872822469588801e+00,2.564454235566867357e+00,1.000000000000000000e+00,0.000000000000000000e+00
-8.605478823507813069e-02,1.001882956608440844e+00,1.000000000000000000e+00,0.000000000000000000e+00
5.254527935577887332e-01,1.656737011050567476e-01,1.000000000000000000e+00,0.000000000000000000e+00
2.527164142265966085e+00,1.607127550906861213e+00,1.000000000000000000e+00,0.000000000000000000e+00
2.871892539876165884e+00,2.494944532339291143e+00,1.000000000000000000e+00,0.000000000000000000e+00
3.746776348064274842e+00,7.216223318499503492e+00,1.000000000000000000e+00,0.000000000000000000e+00
-5.230299263276985133e-01,8.496141699627547395e-01,1.000000000000000000e+00,0.000000000000000000e+00
2.211375298380752863e+00,2.975267576322480512e+00,1.000000000000000000e+00,0.000000000000000000e+00
5.194022151970904666e+00,3.865748972308683307e+00,1.000000000000000000e+00,0.000000000000000000e+00
-2.850803843403429405e-01,4.111061117768924356e-01,1.000000000000000000e+00,0.000000000000000000e+00
4.908903211931172628e-01,-1.714664520901070799e-01,1.000000000000000000e+00,0.000000000000000000e+00
-2.850300611757196623e-01,4.349849978662696515e-01,1.000000000000000000e+00,0.000000000000000000e+00
-4.745299482539840907e-01,-1.816187263087417070e-01,1.000000000000000000e+00,0.000000000000000000e+00
-9.928866437222055863e-02,-4.746168064471637527e-01,1.000000000000000000e+00,0.000000000000000000e+00
-2.157158694997525772e-01,4.618765475514750585e-01,1.000000000000000000e+00,0.000000000000000000e+00
1.183585578710648178e+00,2.586047636931442906e+00,1.000000000000000000e+00,0.000000000000000000e+00
5.446449983083017088e+00,3.975682324475521945e+00,1.000000000000000000e+00,0.000000000000000000e+00
3.794810405669846620e+00,7.314176406607617587e+00,1.000000000000000000e+00,0.000000000000000000e+00
3.477268927112378005e-01,-3.552420533726305396e-01,1.000000000000000000e+00,0.000000000000000000e+00
2.097621101179863778e+00,2.159081112836161331e+00,1.000000000000000000e+00,0.000000000000000000e+00
3.762119554244386599e+00,7.514677672834617184e+00,1.000000000000000000e+00,0.000000000000000000e+00
4.788415827152327608e+00,3.628320158778425508e+00,1.000000000000000000e+00,0.000000000000000000e+00
1.407446174985102161e+00,2.772786161166419294e+00,1.000000000000000000e+00,0.000000000000000000e+00
5.007137311200468011e-01,5.554795880534185715e-02,1.000000000000000000e+00,0.000000000000000000e+00
3.398053116989335543e+00,1.581841788532428517e+00,1.000000000000000000e+00,0.000000000000000000e+00
-3.696465875094146480e-01,9.420626920820051042e-01,1.000000000000000000e+00,0.000000000000000000e+00
9.088437854280323469e-01,-4.582782276477292416e-01,1.000000000000000000e+00,0.000000000000000000e+00
5.934064044424992579e-01,7.874367407126876550e-01,1.000000000000000000e+00,0.000000000000000000e+00
3.978620922527826842e+00,2.369697915265286614e+00,1.000000000000000000e+00,0.000000000000000000e+00
3.807542144564439290e+00,1.887906513760038152e+00,1.000000000000000000e+00,0.000000000000000000e+00
4.991715455980779148e-01,-8.244261076254374987e-02,1.000000000000000000e+00,0.000000000000000000e+00
3.136525899965683095e-01,9.363756401149444519e-01,1.000000000000000000e+00,0.000000000000000000e+00
-3.291499469467092931e-01,-3.626598315042333098e-01,1.000000000000000000e+00,0.000000000000000000e+00
3.096596476490296457e-01,-9.449222732455762053e-01,1.000000000000000000e+00,0.000000000000000000e+00
9.324901175801501019e-01,-2.813515924967808224e-01,1.000000000000000000e+00,0.000000000000000000e+00
2.021732616573235664e+00,2.977703423924001669e+00,1.000000000000000000e+00,0.000000000000000000e+00
-3.201761569231443283e-01,-3.906875630868272276e-01,1.000000000000000000e+00,0.000000000000000000e+00
3.607223934481294858e+00,1.720431847502027489e+00,1.000000000000000000e+00,0.000000000000000000e+00
2.523546812064554334e+00,1.659905349181119760e+00,1.000000000000000000e+00,0.000000000000000000e+00
8.141646819910642874e-01,6.023609445543474106e-01,1.000000000000000000e+00,0.000000000000000000e+00
2.064509929190385673e+00,2.123070054282128805e+00,1.000000000000000000e+00,0.000000000000000000e+00
1.719469660938148514e-01,-4.697009803365975178e-01,1.000000000000000000e+00,0.000000000000000000e+00
3.338979309407480667e+00,1.558568406961972963e+00,1.000000000000000000e+00,0.000000000000000000e+00
4.000197521379629251e+00,2.516268673477511264e+00,1.000000000000000000e+00,0.000000000000000000e+00
3.653490509034904576e+00,7.261239271405596440e+00,1.000000000000000000e+00,0.000000000000000000e+00
-4.730988969637658914e-01,-1.965328409287826206e-01,1.000000000000000000e+00,0.000000000000000000e+00
1.159337477237279146e-01,4.893235703236735734e-01,1.000000000000000000e+00,0.000000000000000000e+00
-3.798727322175199927e-01,-9.221829226431982329e-01,1.000000000000000000e+00,0.000000000000000000e+00
5.223593774247605737e+00,3.847771943905747172e+00,1.000000000000000000e+00,0.000000000000000000e+00
2.450989583615267864e-01,9.856691260217712580e-01,1.000000000000000000e+00,0.000000000000000000e+00
9.588432009783909304e-01,3.158143808291645205e-01,1.000000000000000000e+00,0.000000000000000000e+00
2.530860886500877260e+00,2.860947908821038776e+00,1.000000000000000000e+00,0.000000000000000000e+00
3.829005368976532431e+00,1.957733544678367910e+00,1.000000000000000000e+00,0.000000000000000000e+00
9.860181486293311259e-01,-9.003696097330673997e-02,1.000000000000000000e+00,0.000000000000000000e+00
4.196201997723917998e+00,7.434840073592909881e+00,1.000000000000000000e+00,0.000000000000000000e+00
9.821447222174410907e-01,-5.942916606587540090e-02,1.000000000000000000e+00,0.000000000000000000e+00
1.365100108440592930e+00,2.756896421968480393e+00,1.000000000000000000e+00,0.000000000000000000e+00
2.744964185387916089e+00,2.632394329385058018e+00,1.000000000000000000e+00,0.000000000000000000e+00
-8.091753334895781524e-01,6.304863599969530163e-01,1.000000000000000000e+00,0.000000000000000000e+00
2.373887214835354253e+00,1.702600399395766573e+00,1.000000000000000000e+00,0.000000000000000000e+00
-9.717133348729501963e-01,7.738749711053002911e-02,1.000000000000000000e+00,0.000000000000000000e+00
2.944576026342751174e+00,1.500891886541352749e+00,1.000000000000000000e+00,0.000000000000000000e+00
5.170971820978653710e+00,3.967594551336571573e+00,1.000000000000000000e+00,0.000000000000000000e+00
2.503530214713995505e+00,1.640923174781272920e+00,1.000000000000000000e+00,0.000000000000000000e+00
2.373692491467205290e+00,1.752641511834696519e+00,1.000000000000000000e+00,0.000000000000000000e+00
-9.922229290256925349e-01,-2.099956475402476319e-01,1.000000000000000000e+00,0.000000000000000000e+00
-8.054664872976806667e-01,-5.529908909834997388e-01,1.000000000000000000e+00,0.000000000000000000e+00
3.992351453620485713e-01,-2.931419103152506644e-01,1.000000000000000000e+00,0.000000000000000000e+00
3.022881352968830981e+00,1.483871853373609717e+00,1.000000000000000000e+00,0.000000000000000000e+00
1.826800283978671502e-01,4.379843086465868840e-01,1.000000000000000000e+00,0.000000000000000000e+00
4.985928476301643708e-01,-4.905025943914902847e-02,1.000000000000000000e+00,0.000000000000000000e+00
3.805001818668867664e+00,1.914788180895633962e+00,1.000000000000000000e+00,0.000000000000000000e+00
3.837356506600221984e+00,7.273860419382855547e+00,1.000000000000000000e+00,0.000000000000000000e+00
3.001259751544501864e+00,2.123063261956228853e+00,1.000000000000000000e+00,0.000000000000000000e+00
4.902438736651589579e+00,3.610105365177621373e+00,1.000000000000000000e+00,0.000000000000000000e+00
2.809668730503912304e+00,1.521115142728374448e+00,1.000000000000000000e+00,0.000000000000000000e+00
1.404958069442000301e+00,2.756938412267060379e+00,1.000000000000000000e+00,0.000000000000000000e+00
9.925808610267999876e-01,5.045053853552795148e-02,1.000000000000000000e+00,0.000000000000000000e+00
1.342723612757832141e+00,2.750792035539808111e+00,1.000000000000000000e+00,0.000000000000000000e+00
1.592264088678729372e+00,2.894029440857943669e+00,1.000000000000000000e+00,0.000000000000000000e+00
2.958172937916126344e+00,2.230919184759913687e+00,1.000000000000000000e+00,0.000000000000000000e+00
-9.694096451154252669e-01,-2.662467305099285309e-01,1.000000000000000000e+00,0.000000000000000000e+00
2.132968145764831736e+00,2.040858487056967707e+00,1.000000000000000000e+00,0.000000000000000000e+00
-4.558833048664769350e-01,-1.717284542142267778e-01,1.000000000000000000e+00,0.000000000000000000e+00
9.119811903904706529e-01,3.906388772127969977e-01,1.000000000000000000e+00,0.000000000000000000e+00
3.956352540101788051e+00,2.197487917862808615e+00,1.000000000000000000e+00,0.000000000000000000e+00
3.301520359277133387e+00,1.533034641936658948e+00,1.000000000000000000e+00,0.000000000000000000e+00
4.967082994974359345e+00,3.841592560901035291e+00,1.000000000000000000e+00,0.000000000000000000e+00
4.523433073833530216e+00,4.018927564809812836e+00,1.000000000000000000e+00,0.000000000000000000e+00
2.254350944468765050e+00,1.798208309201547284e+00,1.000000000000000000e+00,0.000000000000000000e+00
1.974518310106954111e+00,2.298384730188598901e+00,1.000000000000000000e+00,0.000000000000000000e+00
2.988884930221743730e+00,2.155266458073800351e+00,1.000000000000000000e+00,0.000000000000000000e+00
-1.463793007384674161e-01,4.260761782610441584e-01,1.000000000000000000e+00,0.000000000000000000e+00
-8.914778632253572699e-01,5.089866879455681170e-01,1.000000000000000000e+00,0.000000000000000000e+00
3.988174008573154961e+00,2.295090836616073826e+00,1.000000000000000000e+00,0.000000000000000000e+00
5.111252441241525446e+00,3.878033582009345004e+00,1.000000000000000000e+00,0.000000000000000000e+00
5.111355862496137270e+00,3.699038937752020750e+00,1.000000000000000000e+00,0.000000000000000000e+00
-1.076800101146458688e-01,-5.142824264864052086e-01,1.000000000000000000e+00,0.000000000000000000e+00
9.835817534091642056e-01,2.120053432230043278e+00,1.000000000000000000e+00,0.000000000000000000e+00
2.562886467413806102e+00,2.869425859228722508e+00,1.000000000000000000e+00,0.000000000000000000e+00
2.598830053306032450e+00,2.784372487815775621e+00,1.000000000000000000e+00,0.000000000000000000e+00
3.376038908052031440e-01,-9.527644951320856093e-01,1.000000000000000000e+00,0.000000000000000000e+00
3.772633337618263916e+00,1.882880511914954091e+00,1.000000000000000000e+00,0.000000000000000000e+00
3.310786189575095628e-01,-3.384019967112966709e-01,1.000000000000000000e+00,0.000000000000000000e+00
2.008910526503975280e+00,2.320426720020074995e+00,1.000000000000000000e+00,0.000000000000000000e+00
3.832412254450543898e+00,2.009108727419152363e+00,1.000000000000000000e+00,0.000000000000000000e+00
2.924597799790130459e+00,2.421022730255296906e+00,1.000000000000000000e+00,0.000000000000000000e+00
8.541007830904454590e-01,5.665388078125067617e-01,1.000000000000000000e+00,0.000000000000000000e+00
-1.361362854602415629e-01,4.774849589231270897e-01,1.000000000000000000e+00,0.000000000000000000e+00
1.340285340921213209e+00,2.727078587609744531e+00,1.000000000000000000e+00,0.000000000000000000e+00
2.302124151751946179e+00,2.937376581201342152e+00,1.000000000000000000e+00,0.000000000000000000e+00
2.802638471452999713e+00,1.524905976791840034e+00,1.000000000000000000e+00,0.000000000000000000e+00
3.976741406107294541e+00,2.508894451613654653e+00,1.000000000000000000e+00,0.000000000000000000e+00
1.738689018398137831e+00,2.970784707658498114e+00,1.000000000000000000e+00,0.000000000000000000e+00
2.138308764873101175e+00,1.963351663567220129e+00,1.000000000000000000e+00,0.000000000000000000e+00
4.962548326503659624e+00,3.993959954692629211e+00,1.000000000000000000e+00,0.000000000000000000e+00
-4.453715347440753147e-01,-2.404374676852524262e-01,1.000000000000000000e+00,0.000000000000000000e+00
5.188544137839260273e+00,3.805519702460226306e+00,1.000000000000000000e+00,0.000000000000000000e+00
1.971705606301150882e+00,3.017502080051246871e+00,1.000000000000000000e+00,0.000000000000000000e+00
2.509881433914328497e+00,2.885113832994704808e+00,1.000000000000000000e+00,0.000000000000000000e+00
-1.004024177574228460e+00,-7.913145631094234411e-02,1.000000000000000000e+00,0.000000000000000000e+00
4.866378270249228422e+00,3.815653721297427303e+00,1.000000000000000000e+00,0.000000000000000000e+00
2.812438071652084481e+00,1.537677798589585976e+00,1.000000000000000000e+00,0.000000000000000000e+00
3.730969132880618488e+00,1.797669848520256464e+00,1.000000000000000000e+00,0.000000000000000000e+00
3.967085909961030943e+00,2.372489369939711157e+00,1.000000000000000000e+00,0.000000000000000000e+00
4.294743836772690337e-01,2.527312148638616307e-01,1.000000000000000000e+00,0.000000000000000000e+00
5.384894507874389724e+00,3.930509211035403627e+00,1.000000000000000000e+00,0.000000000000000000e+00
-3.177580820454037336e-01,-3.925585340268821777e-01,1.000000000000000000e+00,0.000000000000000000e+00
3.717698696601805075e+00,7.357197501318226251e+00,1.000000000000000000e+00,0.000000000000000000e+00
2.984056880309654547e-01,4.167824557176171285e-01,1.000000000000000000e+00,0.000000000000000000e+00
2.162430834962085768e+00,1.931194434723556563e+00,1.000000000000000000e+00,0.000000000000000000e+00
-4.444576068387368073e-01,1.697569148545367557e-01,1.000000000000000000e+00,0.000000000000000000e+00
2.159521233820523634e+00,3.003547771308865855e+00,1.000000000000000000e+00,0.000000000000000000e+00
4.911346643722518834e+00,3.735065062227121313e+00,1.000000000000000000e+00,0.000000000000000000e+00
3.993856042068694379e+00,2.386930663433352251e+00,1.000000000000000000e+00,0.000000000000000000e+00
3.005464064648554867e+00,1.979341616644820112e+00,1.000000000000000000e+00,0.000000000000000000e+00
5.328173891053372024e+00,3.759773823027949380e+00,1.000000000000000000e+00,0.000000000000000000e+00
1.112959832348877631e+00,2.490724333342079433e+00,1.000000000000000000e+00,0.000000000000000000e+00
3.825037667522167339e+00,1.940159135946367019e+00,1.000000000000000000e+00,0.000000000000000000e+00
1.280102004490471179e+00,2.630997551114602651e+00,1.000000000000000000e+00,0.000000000000000000e+00
3.925258063174144052e+00,2.099812497014821311e+00,1.000000000000000000e+00,0.000000000000000000e+00
4.747108118543953204e+00,3.910316058778003256e+00,1.000000000000000000e+00,0.000000000000000000e+00
4.815600550821801384e-01,-1.207608122673722584e-01,1.000000000000000000e+00,0.000000000000000000e+00
4.017925074161866839e+00,7.499115134745132139e+00,1.000000000000000000e+00,0.000000000000000000e+00
1.897990372479575250e+00,3.012958066317951822e+00,1.000000000000000000e+00,0.000000000000000000e+00
5.183930414445462986e+00,3.583538978211246118e+00,1.000000000000000000e+00,0.000000000000000000e+00
1.642134760491896495e-01,-4.900120546722238069e-01,1.000000000000000000e+00,0.000000000000000000e+00
5.028527209499189965e+00,4.113212421133189522e+00,1.000000000000000000e+00,0.000000000000000000e+00
-5.925534145186220902e-01,8.044800626785690856e-01,1.000000000000000000e+00,0.000000000000000000e+00
9.587597708402382235e-01,3.583896316927098202e-01,1.000000000000000000e+00,0.000000000000000000e+00
6.002366339346231205e-01,8.249331450396037990e-01,1.000000000000000000e+00,0.000000000000000000e+00
1.004084091851342064e+00,-2.074046871818480964e-01,1.000000000000000000e+00,0.000000000000000000e+00
4.978291559596622839e+00,3.916533977801351707e+00,1.000000000000000000e+00,0.000000000000000000e+00
4.493741118229900855e-01,1.975112829844338502e-01,1.000000000000000000e+00,0.000000000000000000e+00
5.212533113854673772e+00,3.804379840590748074e+00,1.000000000000000000e+00,0.000000000000000000e+00
1.005101800295753911e+00,-2.730243183064888501e-02,1.000000000000000000e+00,0.000000000000000000e+00
1.771067571864174628e+00,2.973903873037651913e+00,1.000000000000000000e+00,0.000000000000000000e+00
-1.435780831715303962e-01,-4.839501338499545557e-01,1.000000000000000000e+00,0.000000000000000000e+00
4.000787503867528017e+00,2.414286286880559906e+00,1.000000000000000000e+00,0.000000000000000000e+00
3.570635071072308264e+00,1.664171273006041396e+00,1.000000000000000000e+00,0.000000000000000000e+00
1.010390352125826396e+00,2.236854339467542641e+00,1.000000000000000000e+00,0.000000000000000000e+00
-7.255551178840491389e-01,6.572929367526983979e-01,1.000000000000000000e+00,0.000000000000000000e+00
4.007259563685877879e+00,7.379419831368824845e+00,1.000000000000000000e+00,0.000000000000000000e+00
4.686653611401547792e+00,3.802068859129839495e+00,1.000000000000000000e+00,0.000000000000000000e+00
3.713088596444190870e+00,7.211470406485448237e+00,1.000000000000000000e+00,0.000000000000000000e+00
2.795524135928961207e-01,-4.085765267910355103e-01,1.000000000000000000e+00,0.000000000000000000e+00
3.955626308187783380e+00,7.385907027836064564e+00,1.000000000000000000e+00,0.000000000000000000e+00
4.005078792778670405e+00,7.594642028840985049e+00,1.000000000000000000e+00,0.000000000000000000e+00
3.867655938332794502e-02,-4.994226977368724230e-01,1.000000000000000000e+00,0.000000000000000000e+00
4.715646357546427581e+00,3.975119755016949696e+00,1.000000000000000000e+00,0.000000000000000000e+00
-9.381951954007851369e-02,-9.690140739653766433e-01,1.000000000000000000e+00,0.000000000000000000e+00
1.032289595405725402e+00,2.134137743166222290e+00,1.000000000000000000e+00,0.000000000000000000e+00
-5.102447730630699230e-01,1.145130571537080963e-03,1.000000000000000000e+00,0.000000000000000000e+00
2.140091801741276001e+00,3.028334371548052406e+00,1.000000000000000000e+00,0.000000000000000000e+00
-3.386835683309760703e-01,-9.186619243687743630e-01,1.000000000000000000e+00,0.000000000000000000e+00
3.850266430516203542e+00,1.963414730136406883e+00,1.000000000000000000e+00,0.000000000000000000e+00
-1.353338819337945300e-03,5.015884499344563929e-01,1.000000000000000000e+00,0.000000000000000000e+00
1.081754178200429628e+00,2.414352875803042586e+00,1.000000000000000000e+00,0.000000000000000000e+00
3.776227009068581886e+00,6.994833108092867846e+00,1.000000000000000000e+00,0.000000000000000000e+00
1.011202488075677586e+00,2.636876820442502368e-03,1.000000000000000000e+00,0.000000000000000000e+00
3.977084929476476738e+00,2.146380781791516146e+00,1.000000000000000000e+00,0.000000000000000000e+00
2.146803041766347953e+00,3.009821922191666665e+00,1.000000000000000000e+00,0.000000000000000000e+00
3.719038642360419367e+00,1.759051918122625624e+00,1.000000000000000000e+00,0.000000000000000000e+00
-4.458667207946382938e-01,2.298452621684566877e-01,1.000000000000000000e+00,0.000000000000000000e+00
2.679151721949151188e+00,2.753879482241937016e+00,1.000000000000000000e+00,0.000000000000000000e+00
-3.495868423880067744e-02,-4.704585883916820865e-01,1.000000000000000000e+00,0.000000000000000000e+00
5.668378155132164364e-01,8.280468369495039838e-01,1.000000000000000000e+00,0.000000000000000000e+00
3.006987829388914513e+00,1.480341172565038388e+00,1.000000000000000000e+00,0.000000000000000000e+00
4.001652497087219373e+00,7.384185200137330263e+00,1.000000000000000000e+00,0.000000000000000000e+00
-2.626487833310516273e-01,1.004374850110348882e+00,1.000000000000000000e+00,0.000000000000000000e+00
4.204150215455155326e+00,7.056822163377659329e+00,1.000000000000000000e+00,0.000000000000000000e+00
2.629110096811114072e+00,1.578570928200560886e+00,1.000000000000000000e+00,0.000000000000000000e+00
2.712240802305171949e-01,-9.901864851869339734e-01,1.000000000000000000e+00,0.000000000000000000e+00
4.924808801445873740e+00,3.793425797477714578e+00,1.000000000000000000e+00,0.000000000000000000e+00
4.668011560263576776e+00,3.935419379296702491e+00,1.000000000000000000e+00,0.000000000000000000e+00
1.967820738245835033e+00,2.480229336312603117e+00,1.000000000000000000e+00,0.000000000000000000e+00
2.035566975691233349e+00,2.319779893237464030e+00,1.000000000000000000e+00,0.000000000000000000e+00
6.839358155237880155e-01,7.190345347435738166e-01,1.000000000000000000e+00,0.000000000000000000e+00
3.874109051032720519e+00,7.067660890623907122e+00,1.000000000000000000e+00,0.000000000000000000e+00
4.408917268402633205e+00,7.571092917335668027e+00,1.000000000000000000e+00,0.000000000000000000e+00
-2.858357108661345736e-01,-9.744264158466682257e-01,1.000000000000000000e+00,0.000000000000000000e+00
5.226852306291345229e+00,4.125884033269451301e+00,1.000000000000000000e+00,0.000000000000000000e+00
3.359033597703453111e+00,1.563038019020146940e+00,1.000000000000000000e+00,0.000000000000000000e+00
-4.179739977371841886e-01,2.883744345966623435e-01,1.000000000000000000e+00,0.000000000000000000e+00
4.196941899209401527e-01,2.402299194485623124e-01,1.000000000000000000e+00,0.000000000000000000e+00
3.949754844111835084e+00,2.214483782258564570e+00,1.000000000000000000e+00,0.000000000000000000e+00
4.956759686111399388e-01,1.768581122177944054e-01,1.000000000000000000e+00,0.000000000000000000e+00
-3.565072272576312873e-01,9.481973350421294411e-01,1.000000000000000000e+00,0.000000000000000000e+00
4.051555184777621221e+00,7.083907169331551401e+00,1.000000000000000000e+00,0.000000000000000000e+00
-1.016662052603789945e+00,2.104616373654765674e-03,1.000000000000000000e+00,0.000000000000000000e+00
2.633737924666640140e+00,1.568544794024410161e+00,1.000000000000000000e+00,0.000000000000000000e+00
2.790060320011696682e+00,1.513420468099433425e+00,1.000000000000000000e+00,0.000000000000000000e+00
2.980876618222539243e+00,2.169253723447184701e+00,1.000000000000000000e+00,0.000000000000000000e+00
2.629888444534197678e+00,2.774510683108025066e+00,1.000000000000000000e+00,0.000000000000000000e+00
3.996151683191226933e-01,-3.589589354995910697e-01,1.000000000000000000e+00,0.000000000000000000e+00
2.686117152065730540e+00,1.550697125772128038e+00,1.000000000000000000e+00,0.000000000000000000e+00
7.636550819975440607e-02,-4.992489686706891860e-01,1.000000000000000000e+00,0.000000000000000000e+00
2.002199020256415274e+00,2.461729535634058053e+00,1.000000000000000000e+00,0.000000000000000000e+00
9.676748454578012471e-01,-2.589312511291942398e-01,1.000000000000000000e+00,0.000000000000000000e+00
3.488924845357221916e+00,1.620981092676427648e+00,1.000000000000000000e+00,0.000000000000000000e+00
2.447618803531770582e-01,3.922670412076406654e-01,1.000000000000000000e+00,0.000000000000000000e+00
3.746967569580518798e-01,2.928824709400694171e-01,1.000000000000000000e+00,0.000000000000000000e+00
4.996900048883305523e+00,3.745365217575612249e+00,1.000000000000000000e+00,0.000000000000000000e+00
-1.009763096661068671e+00,-1.864686618105861338e-01,1.000000000000000000e+00,0.000000000000000000e+00
4.478931949659665235e-01,-1.368630124305370843e-01,1.000000000000000000e+00,0.000000000000000000e+00
3.766559485533076401e+00,7.019783740012594642e+00,1.000000000000000000e+00,0.000000000000000000e+00
1.926844530256748012e-01,-9.675362779467543417e-01,1.000000000000000000e+00,0.000000000000000000e+00
-1.796695387491323570e-01,4.530529474048636263e-01,1.000000000000000000e+00,0.000000000000000000e+00
4.149157318318396293e+00,7.155354323367101976e+00,1.000000000000000000e+00,0.000000000000000000e+00
1.526531827396580887e+00,2.897926804494195263e+00,1.000000000000000000e+00,0.000000000000000000e+00
5.285733834389501951e+00,4.113587378345300749e+00,1.000000000000000000e+00,0.000000000000000000e+00
-9.469825577482788859e-01,3.375670391930437608e-01,1.000000000000000000e+00,0.000000000000000000e+00
4.927780116322431958e+00,3.818209297072177044e+00,1.000000000000000000e+00,0.000000000000000000e+00
4.035199868090240116e+00,2.387939357776882154e+00,1.000000000000000000e+00,0.000000000000000000e+00
3.849100862870718842e+00,7.439073986437690245e+00,1.000000000000000000e+00,0.000000000000000000e+00
4.165720472101244631e+00,7.272785308830223450e+00,1.000000000000000000e+00,0.000000000000000000e+00
3.822286863657431866e+00,7.411637165706753017e+00,1.000000000000000000e+00,0.000000000000000000e+00
-2.158039833332325019e-01,4.679601086494120654e-01,1.000000000000000000e+00,0.000000000000000000e+00
4.993464927623453065e+00,3.562462898671941325e+00,1.000000000000000000e+00,0.000000000000000000e+00
2.978959868162773805e+00,2.273450389917235359e+00,1.000000000000000000e+00,0.000000000000000000e+00
3.356914057742140578e+00,1.598796786038321871e+00,1.000000000000000000e+00,0.000000000000000000e+00
2.455859000664997627e+00,1.676305044693400026e+00,1.000000000000000000e+00,0.000000000000000000e+00
5.125727962261569792e-02,-5.110706375917898336e-01,1.000000000000000000e+00,0.000000000000000000e+00
-2.394461947878179231e-02,-5.158978445920994194e-01,1.000000000000000000e+00,0.000000000000000000e+00
-2.081687838515133560e-01,-4.789438440391811658e-01,1.000000000000000000e+00,0.000000000000000000e+00
2.093081792561060972e+00,2.037462927982058414e+00,1.000000000000000000e+00,0.000000000000000000e+00
2.950463969315747725e+00,2.265838018693395739e+00,1.000000000000000000e+00,0.000000000000000000e+00
3.015230700001382935e+00,2.104369083423852871e+00,1.000000000000000000e+00,0.000000000000000000e+00
2.453866060745691247e+00,1.650840775373533464e+00,1.000000000000000000e+00,0.000000000000000000e+00
4.128477623575893318e+00,7.328122330746955626e+00,1.000000000000000000e+00,0.000000000000000000e+00
4.274904931312802081e-02,4.923977642350956252e-01,1.000000000000000000e+00,0.000000000000000000e+00
3.950208452130708370e+00,2.201786984443562911e+00,1.000000000000000000e+00,0.000000000000000000e+00
3.512362955965523170e+00,1.645291465956685295e+00,1.000000000000000000e+00,0.000000000000000000e+00
1.707373318176375054e+00,2.943129010786748267e+00,1.000000000000000000e+00,0.000000000000000000e+00
3.985421782006784319e+00,7.266350557443223224e+00,1.000000000000000000e+00,0.000000000000000000e+00
9.239820231048183619e-01,4.487298327139112031e-01,1.000000000000000000e+00,0.000000000000000000e+00
2.338183060301329608e+00,2.917182161711306509e+00,1.000000000000000000e+00,0.000000000000000000e+00
2.443369853376268441e+00,2.872410041444072970e+00,1.000000000000000000e+00,0.000000000000000000e+00
7.597582742407077427e-01,-6.503382443054511741e-01,1.000000000000000000e+00,0.000000000000000000e+00
8.050526959116351966e-01,-5.828361917990944052e-01,1.000000000000000000e+00,0.000000000000000000e+00
4.993090287093183477e+00,3.917143693191693643e+00,1.000000000000000000e+00,0.000000000000000000e+00
4.823796469594707759e+00,3.835205209712798435e+00,1.000000000000000000e+00,0.000000000000000000e+00
-4.102646970592658260e-01,-2.740603811149533997e-01,1.000000000000000000e+00,0.000000000000000000e+00
3.905471296295798034e+00,7.028797068764785827e+00,1.000000000000000000e+00,0.000000000000000000e+00
1.185862500440610923e+00,2.561271381366048594e+00,1.000000000000000000e+00,0.000000000000000000e+00
3.272631293261737184e+00,1.534453019523080552e+00,1.000000000000000000e+00,0.000000000000000000e+00
2.519679865119636708e-01,4.017056612826634954e-01,1.000000000000000000e+00,0.000000000000000000e+00
1.270156438927554088e-01,-4.918296081933687391e-01,1.000000000000000000e+00,0.000000000000000000e+00
3.922986912988342567e+00,2.194665059825309683e+00,1.000000000000000000e+00,0.000000000000000000e+00
3.752847282995668277e-01,2.730291373323543991e-01,1.000000000000000000e+00,0.000000000000000000e+00
4.282825921418186965e+00,7.597659081428447259e+00,1.000000000000000000e+00,0.000000000000000000e+00
1.532236495670797338e-01,4.787129175373395773e-01,1.000000000000000000e+00,0.000000000000000000e+00
-1.858204629894774640e-02,4.943931591868210851e-01,1.000000000000000000e+00,0.000000000000000000e+00
6.435553904727466801e-01,-7.908443087578125308e-01,1.000000000000000000e+00,0.000000000000000000e+00
3.755393410660804676e+00,7.314220343300585014e+00,1.000000000000000000e+00,0.000000000000000000e+00
-4.790197010785219867e-01,-1.140246533659177303e-01,1.000000000000000000e+00,0.000000000000000000e+00
-2.695091475928452773e-01,4.081056474673430690e-01,1.000000000000000000e+00,0.000000000000000000e+00
3.827319114136806810e+00,7.138499619716586864e+00,1.000000000000000000e+00,0.000000000000000000e+00
4.858165373896047967e+00,3.603296658445219514e+00,1.000000000000000000e+00,0.000000000000000000e+00
4.056738406782004702e+00,7.166825309260326904e+00,1.000000000000000000e+00,0.000000000000000000e+00
-5.109515640366614209e-01,-3.767838104464103777e-02,1.000000000000000000e+00,0.000000000000000000e+00
2.242748879634452575e+00,2.911770573971578902e+00,1.000000000000000000e+00,0.000000000000000000e+00
2.538660019437518400e+00,2.817460596013898311e+00,1.000000000000000000e+00,0.000000000000000000e+00
2.450900993044468290e+00,1.658733563864298377e+00,1.000000000000000000e+00,0.000000000000000000e+00
5.023734118200114729e+00,4.349008359397578793e+00,1.000000000000000000e+00,0.000000000000000000e+00
5.188505990766928422e-01,1.528134438967498343e-01,1.000000000000000000e+00,0.000000000000000000e+00
1.692421577538176125e+00,2.999387124265885163e+00,1.000000000000000000e+00,0.000000000000000000e+00
-7.224243916692856260e-01,-6.960217072649601544e-01,1.000000000000000000e+00,0.000000000000000000e+00
2.996090435432420485e+00,2.127158758323663967e+00,1.000000000000000000e+00,0.000000000000000000e+00
3.906687648681264502e+00,7.335057121269185743e+00,1.000000000000000000e+00,0.000000000000000000e+00
-8.735726864279349524e-01,-4.448231212057296435e-01,1.000000000000000000e+00,0.000000000000000000e+00
2.746687582258990901e+00,2.637342897433988309e+00,1.000000000000000000e+00,0.000000000000000000e+00
1.021150734616593780e+00,2.071233193230291203e+00,1.000000000000000000e+00,0.000000000000000000e+00
1.050526189160643886e+00,2.358606260710427449e+00,1.000000000000000000e+00,0.000000000000000000e+00
-1.835457802004855365e-01,-5.153357073374152941e-01,1.000000000000000000e+00,0.000000000000000000e+00
7.266406546984516268e-01,-7.236990045457059040e-01,1.000000000000000000e+00,0.000000000000000000e+00
1.467814533245130448e+00,2.819157241065726183e+00,1.000000000000000000e+00,0.000000000000000000e+00
2.061121594510991972e+00,2.995555997286143857e+00,1.000000000000000000e+00,0.000000000000000000e+00
1.431366163354081067e+00,2.831430068112673837e+00,1.000000000000000000e+00,0.000000000000000000e+00
-2.738433457233854229e-01,-3.814898673313927291e-01,1.000000000000000000e+00,0.000000000000000000e+00
3.090570123328986174e+00,1.530722273735057648e+00,1.000000000000000000e+00,0.000000000000000000e+00
1.043540650482460030e+00,2.336040042232129910e+00,1.000000000000000000e+00,0.000000000000000000e+00
4.568868994842255615e-01,-8.471532540678047285e-01,1.000000000000000000e+00,0.000000000000000000e+00
8.634166832654047719e-01,-4.903885135074598223e-01,1.000000000000000000e+00,0.000000000000000000e+00
3.804024941535554483e+00,7.685800318068197079e+00,1.000000000000000000e+00,0.000000000000000000e+00
3.910571361883933950e+00,2.100659217112875954e+00,1.000000000000000000e+00,0.000000000000000000e+00
1.223013972491670653e+00,2.602601240408238148e+00,1.000000000000000000e+00,0.000000000000000000e+00
3.029440624916623470e+00,2.000946327612961539e+00,1.000000000000000000e+00,0.000000000000000000e+00
2.632693046318535651e-02,5.207385151520490529e-01,1.000000000000000000e+00,0.000000000000000000e+00
-6.674769877301500731e-01,7.909472610974280782e-01,1.000000000000000000e+00,0.000000000000000000e+00
-8.723138595538411089e-01,-5.306376362896818577e-01,1.000000000000000000e+00,0.000000000000000000e+00
3.551136508179802753e+00,1.630136955201338944e+00,1.000000000000000000e+00,0.000000000000000000e+00
-4.343786369540630354e-01,2.150089292255681628e-01,1.000000000000000000e+00,0.000000000000000000e+00
-1.527723089243827326e-01,-4.716996358188526028e-01,1.000000000000000000e+00,0.000000000000000000e+00
8.473362007846747535e-01,4.815890989668071276e-01,1.000000000000000000e+00,0.000000000000000000e+00
6.552834209633157103e-01,-7.559496483333354444e-01,1.000000000000000000e+00,0.000000000000000000e+00
1.426021504050503541e+00,2.802022909615228485e+00,1.000000000000000000e+00,0.000000000000000000e+00
1.175325785611606479e-02,1.001753380645750813e+00,1.000000000000000000e+00,0.000000000000000000e+00
3.479037386802941167e-01,9.293632471796310357e-01,1.000000000000000000e+00,0.000000000000000000e+00
4.187359662740399169e-01,-2.667311110999259216e-01,1.000000000000000000e+00,0.000000000000000000e+00
1.996694889160930630e+00,2.429193897599586371e+00,1.000000000000000000e+00,0.000000000000000000e+00
5.156634890653977177e-01,1.906121340590392552e-02,1.000000000000000000e+00,0.000000000000000000e+00
-3.861224131414140448e-01,3.694106998831546695e-01,1.000000000000000000e+00,0.000000000000000000e+00
4.984581171681438327e+00,3.574368822207730112e+00,1.000000000000000000e+00,0.000000000000000000e+00
2.598592031638567335e+00,1.615098068859374125e+00,1.000000000000000000e+00,0.000000000000000000e+00
2.938845797471429933e+00,1.513233323753740978e+00,1.000000000000000000e+00,0.000000000000000000e+00
-5.222463951073734734e-01,3.400830068632322567e-02,1.000000000000000000e+00,0.000000000000000000e+00
-1.577176131079238985e-01,-1.008844492056790054e+00,1.000000000000000000e+00,0.000000000000000000e+00
2.611242878038050552e+00,1.586830144540818388e+00,1.000000000000000000e+00,0.000000000000000000e+00
3.731182974780461237e+00,7.472659922728699833e+00,1.000000000000000000e+00,0.000000000000000000e+00
1.663271085474222311e+00,2.962795052729738643e+00,1.000000000000000000e+00,0.000000000000000000e+00
2.133298111200151670e+00,1.952017483391874197e+00,1.000000000000000000e+00,0.000000000000000000e+00
2.108235847863238366e+00,2.015196231107126756e+00,1.000000000000000000e+00,0.000000000000000000e+00
3.465672115379679230e+00,7.434511046536462331e+00,1.000000000000000000e+00,0.000000000000000000e+00
2.939139857230117947e+00,2.316366673220767503e+00,1.000000000000000000e+00,0.000000000000000000e+00
4.101316368751932728e+00,6.983375796327040419e+00,1.000000000000000000e+00,0.000000000000000000e+00
2.992856725284892327e+00,1.475797816265276730e+00,1.000000000000000000e+00,0.000000000000000000e+00
3.095821327646861576e+00,1.511004448022544633e+00,1.000000000000000000e+00,0.000000000000000000e+00
-9.573691894924917650e-03,-4.947372989269760990e-01,1.000000000000000000e+00,0.000000000000000000e+00
-5.275671493262613643e-01,-1.043843052940285482e-01,1.000000000000000000e+00,0.000000000000000000e+00
2.382761747741708014e+00,2.904515343123636129e+00,1.000000000000000000e+00,0.000000000000000000e+00
2.507714235344843945e-01,-4.255695134083009035e-01,1.000000000000000000e+00,0.000000000000000000e+00
1.082689392950815899e+00,2.283865788873575831e+00,1.000000000000000000e+00,0.000000000000000000e+00
3.978267158922810798e-01,-2.727059057360061711e-01,1.000000000000000000e+00,0.000000000000000000e+00
5.075232984599802738e-02,4.814602171548423293e-01,1.000000000000000000e+00,0.000000000000000000e+00
2.469624112466043186e+00,2.879063801192676131e+00,1.000000000000000000e+00,0.000000000000000000e+00
2.107370297253484015e+00,2.060580517140706114e+00,1.000000000000000000e+00,0.000000000000000000e+00
3.846497879423775856e+00,1.948474693808724956e+00,1.000000000000000000e+00,0.000000000000000000e+00
1.256452118331573331e+00,2.680742119618294783e+00,1.000000000000000000e+00,0.000000000000000000e+00
4.935804307639805266e+00,3.850079313990735663e+00,1.000000000000000000e+00,0.000000000000000000e+00
4.099085952615711292e+00,7.488228661761695548e+00,1.000000000000000000e+00,0.000000000000000000e+00
5.065166517762896170e+00,3.996431015194128022e+00,1.000000000000000000e+00,0.000000000000000000e+00
2.897383672945190725e+00,1.495661452392608615e+00,1.000000000000000000e+00,0.000000000000000000e+00
-4.654628591360056022e-01,8.733258610814961242e-01,1.000000000000000000e+00,0.000000000000000000e+00
2.519022810361111198e+00,1.659685910178893220e+00,1.000000000000000000e+00,0.000000000000000000e+00
2.609865641570865868e+00,2.789467711189486998e+00,1.000000000000000000e+00,0.000000000000000000e+00
-7.978316093714241108e-02,4.813063311824076207e-01,1.000000000000000000e+00,0.000000000000000000e+00
9.534999442308651485e-01,-3.282509625561824129e-01,1.000000000000000000e+00,0.000000000000000000e+00
2.843449149530234088e+00,2.527967186329464155e+00,1.000000000000000000e+00,0.000000000000000000e+00
4.038883618876675463e+00,7.132968179588044855e+00,1.000000000000000000e+00,0.000000000000000000e+00
2.513942957575827197e+00,2.858062094986510981e+00,1.000000000000000000e+00,0.000000000000000000e+00
2.722558004820694766e+00,2.673623852055444949e+00,1.000000000000000000e+00,0.000000000000000000e+00
-8.326233088506990176e-01,5.682880576385415106e-01,1.000000000000000000e+00,0.000000000000000000e+00
-2.027572817238003089e-01,-4.406202361401470591e-01,1.000000000000000000e+00,0.000000000000000000e+00
5.028691405915486357e+00,3.838105484057590999e+00,1.000000000000000000e+00,0.000000000000000000e+00
2.618679806766597729e+00,1.580607386991558005e+00,1.000000000000000000e+00,0.000000000000000000e+00
4.787999855275074657e-01,-2.188405853331458761e-01,1.000000000000000000e+00,0.000000000000000000e+00
2.044681424185904373e+00,2.268400056208499382e+00,1.000000000000000000e+00,0.000000000000000000e+00
2.218660376693168512e+00,1.884372519168683535e+00,1.000000000000000000e+00,0.000000000000000000e+00
3.648963828407824295e+00,1.722018728763685225e+00,1.000000000000000000e+00,0.000000000000000000e+00
4.801457322317560505e-01,9.070901724908371488e-02,1.000000000000000000e+00,0.000000000000000000e+00
9.439339699253458393e-01,3.352507115152996708e-01,1.000000000000000000e+00,0.000000000000000000e+00
3.802110648710118834e+00,7.188017394495506807e+00,1.000000000000000000e+00,0.000000000000000000e+00
3.805312490920498281e-01,-3.005272451089789909e-01,1.000000000000000000e+00,0.000000000000000000e+00
-8.420473185108168224e-01,5.795525227069351359e-01,1.000000000000000000e+00,0.000000000000000000e+00
4.402074616173893284e-01,-2.432588793645995562e-01,1.000000000000000000e+00,0.000000000000000000e+00
1.035645514720122451e+00,2.246490525170340646e+00,1.000000000000000000e+00,0.000000000000000000e+00
3.775547518013711468e+00,1.814193823341902601e+00,1.000000000000000000e+00,0.000000000000000000e+00
4.147636200927033556e+00,7.173582208788360504e+00,1.000000000000000000e+00,0.000000000000000000e+00
7.805375018412351595e-01,-6.097361333678714690e-01,1.000000000000000000e+00,0.000000000000000000e+00
3.011177684347910777e+00,2.086438546858568888e+00,1.000000000000000000e+00,0.000000000000000000e+00
4.685939964349513098e-01,8.625725408241002867e-01,1.000000000000000000e+00,0.000000000000000000e+00
3.765852708401415949e+00,1.889636819583919269e+00,1.000000000000000000e+00,0.000000000000000000e+00
2.525528228280248255e-01,-4.379885737018036074e-01,1.000000000000000000e+00,0.000000000000000000e+00
1.115008188414155832e+00,2.426723643221270432e+00,1.000000000000000000e+00,0.000000000000000000e+00
5.507129311571048902e+00,3.889212229605808258e+00,1.000000000000000000e+00,0.000000000000000000e+00
4.349781870631808545e+00,7.484996259103467331e+00,1.000000000000000000e+00,0.000000000000000000e+00
1.489932634427867164e+00,2.886946249324449099e+00,1.000000000000000000e+00,0.000000000000000000e+00
1.874198521117540706e+00,3.017435704994699819e+00,1.000000000000000000e+00,0.000000000000000000e+00
4.846216848203487082e+00,4.139892717874476880e+00,1.000000000000000000e+00,0.000000000000000000e+00
4.349781676576488287e+00,7.108331751473107474e+00,1.000000000000000000e+00,0.000000000000000000e+00
4.111113086843660169e-01,2.629258364061435316e-01,1.000000000000000000e+00,0.000000000000000000e+00
-3.958496268187975953e-01,-3.445101672137371174e-01,1.000000000000000000e+00,0.000000000000000000e+00
2.477577474949220537e+00,1.651655771672183359e+00,1.000000000000000000e+00,0.000000000000000000e+00
2.728026200870868667e+00,2.665556246674470664e+00,1.000000000000000000e+00,0.000000000000000000e+00
4.352222065572541876e-01,8.924486427082719553e-01,1.000000000000000000e+00,0.000000000000000000e+00
2.323148823646258965e+00,1.765788689397484346e+00,1.000000000000000000e+00,0.000000000000000000e+00
4.139714887837061541e-01,2.259038708807553364e-01,1.000000000000000000e+00,0.000000000000000000e+00
-2.425436850347087447e-01,1.006461893256890727e+00,1.000000000000000000e+00,0.000000000000000000e+00
5.941941408927152724e-01,-8.276278608311079532e-01,1.000000000000000000e+00,0.000000000000000000e+00
3.441630031995804195e+00,1.669717923676043769e+00,1.000000000000000000e+00,0.000000000000000000e+00
2.439903975040546236e+00,1.687145551202241300e+00,1.000000000000000000e+00,0.000000000000000000e+00
-9.790587534511385748e-01,2.160832763148909652e-01,1.000000000000000000e+00,0.000000000000000000e+00
1.784210657497445229e+00,3.011463037864475556e+00,1.000000000000000000e+00,0.000000000000000000e+00
3.922669404356219136e+00,7.464278606607669175e+00,1.000000000000000000e+00,0.000000000000000000e+00
2.979098007194505016e+00,2.298861991942991345e+00,1.000000000000000000e+00,0.000000000000000000e+00
2.982189944173561535e+00,2.034188621029407340e+00,1.000000000000000000e+00,0.000000000000000000e+00
2.382215100071777059e+00,2.898286576587518315e+00,1.000000000000000000e+00,0.000000000000000000e+00
1.568831002823927179e+00,2.897310447972982761e+00,1.000000000000000000e+00,0.000000000000000000e+00
2.019782253787674620e+00,3.002935831762186147e+00,1.000000000000000000e+00,0.000000000000000000e+00
1.887832514999285283e-01,4.705712846566622587e-01,1.000000000000000000e+00,0.000000000000000000e+00
2.980798243429314098e+00,2.271888457431675779e+00,1.000000000000000000e+00,0.000000000000000000e+00
9.881190491255574804e-01,2.740021218637061495e-01,1.000000000000000000e+00,0.000000000000000000e+00
-4.640900419437120616e-01,7.447469052265455469e-02,1.000000000000000000e+00,0.000000000000000000e+00
2.225146421608247493e+00,1.918175432285338156e+00,1.000000000000000000e+00,0.000000000000000000e+00
2.446785610716612602e+00,2.898916885709036606e+00,1.000000000000000000e+00,0.000000000000000000e+00
-4.326511778273227082e-01,2.578684090381961891e-01,1.000000000000000000e+00,0.000000000000000000e+00
-6.008349587881160053e-02,-1.032661484551977704e+00,1.000000000000000000e+00,0.000000000000000000e+00
1.012081347700752865e+00,-1.733245045074360835e-01,1.000000000000000000e+00,0.000000000000000000e+00
2.910425141249198155e+00,2.398670878810644780e+00,1.000000000000000000e+00,0.000000000000000000e+00
2.010917310416052040e+00,3.015270236513405422e+00,1.000000000000000000e+00,0.000000000000000000e+00
1.177570648202584502e+00,2.473123900281276821e+00,1.000000000000000000e+00,0.000000000000000000e+00
2.751256062118730750e+00,1.578587783300442693e+00,1.000000000000000000e+00,0.000000000000000000e+00
1.920945211105650419e+00,2.987892939293500305e+00,1.000000000000000000e+00,0.000000000000000000e+00
5.154015876902715121e+00,3.874442872131063531e+00,1.000000000000000000e+00,0.000000000000000000e+00
4.000682593736575754e+00,2.331098988439065156e+00,1.000000000000000000e+00,0.000000000000000000e+00
3.828357479268232666e+00,7.612390246529737503e+00,1.000000000000000000e+00,0.000000000000000000e+00
3.876663588408034045e+00,7.689693738211786922e+00,1.000000000000000000e+00,0.000000000000000000e+00
3.502854315646757755e+00,1.639748046570723705e+00,1.000000000000000000e+00,0.000000000000000000e+00
3.428912129572470935e+00,1.572307984670929359e+00,1.000000000000000000e+00,0.000000000000000000e+00
4.888421316321970855e-01,9.226958831962646379e-02,1.000000000000000000e+00,0.000000000000000000e+00
2.970507440870671534e+00,2.020738356412827397e+00,1.000000000000000000e+00,0.000000000000000000e+00
3.571709102095116606e+00,1.663207565598063820e+00,1.000000000000000000e+00,0.000000000000000000e+00
-9.716002403423432687e-01,-1.922436814495849522e-01,1.000000000000000000e+00,0.000000000000000000e+00
8.424436477207483120e-01,-5.105164578652280349e-01,1.000000000000000000e+00,0.000000000000000000e+00
-1.240897858923097341e-01,1.002120760494598528e+00,1.000000000000000000e+00,0.000000000000000000e+00
-2.199047503210048438e-02,9.913448260135666601e-01,1.000000000000000000e+00,0.000000000000000000e+00
3.902433710958006507e+00,7.255911491933204616e+00,1.000000000000000000e+00,0.000000000000000000e+00
-3.287174798780906904e-01,9.416947305171428084e-01,1.000000000000000000e+00,0.000000000000000000e+00
-4.571566599830937938e-01,1.399959129117431256e-01,1.000000000000000000e+00,0.000000000000000000e+00
-8.089442261875642304e-01,-6.000817669479251437e-01,1.000000000000000000e+00,0.000000000000000000e+00
-1.119185426504764463e-02,-5.068238736397866484e-01,1.000000000000000000e+00,0.000000000000000000e+00
8.499634765908575806e-01,-4.948839650948376190e-01,1.000000000000000000e+00,0.000000000000000000e+00
-1.470998658095389322e-01,4.955553050865982856e-01,1.000000000000000000e+00,0.000000000000000000e+00
2.814603108899833561e+00,1.494244702746014175e+00,1.000000000000000000e+00,0.000000000000000000e+00
-1.815090939275475559e-02,-9.941132773499284925e-01,1.000000000000000000e+00,0.000000000000000000e+00
-4.714011080063075787e-01,-7.362914678243612232e-02,1.000000000000000000e+00,0.000000000000000000e+00
2.914897967715579963e+00,2.431184628145929061e+00,1.000000000000000000e+00,0.000000000000000000e+00
4.069402566492587248e+00,6.996538590192945328e+00,1.000000000000000000e+00,0.000000000000000000e+00
2.133856639709314162e+00,1.982353867427830929e+00,1.000000000000000000e+00,0.000000000000000000e+00
4.430221003344016140e+00,7.012914192528636903e+00,1.000000000000000000e+00,0.000000000000000000e+00
4.639561869629543756e-01,1.448410869221550545e-01,1.000000000000000000e+00,0.000000000000000000e+00
-5.198938140209089509e-01,8.725838796129143926e-01,1.000000000000000000e+00,0.000000000000000000e+00
1.690865269434034701e+00,3.002812361868343327e+00,1.000000000000000000e+00,0.000000000000000000e+00
3.769421510189602031e+00,7.440106231104715029e+00,1.000000000000000000e+00,0.000000000000000000e+00
4.221594560036218691e-01,2.542366397082904683e-01,1.000000000000000000e+00,0.000000000000000000e+00
3.882826318309449576e+00,2.054242222468332102e+00,1.000000000000000000e+00,0.000000000000000000e+00
2.300754109515020573e+00,2.942854832319869107e+00,1.000000000000000000e+00,0.000000000000000000e+00
5.304848367194208159e-01,-8.681280567888994826e-01,1.000000000000000000e+00,0.000000000000000000e+00
3.570002316706653467e+00,1.711186213210748264e+00,1.000000000000000000e+00,0.000000000000000000e+00
5.050402296553091475e+00,3.750057478096799013e+00,1.000000000000000000e+00,0.000000000000000000e+00
2.094937470609417318e-01,4.234723941564343397e-01,1.000000000000000000e+00,0.000000000000000000e+00
-6.640781323394364666e-01,-7.849211260868715900e-01,1.000000000000000000e+00,0.000000000000000000e+00
1.111522190163646062e+00,2.450133445487820971e+00,1.000000000000000000e+00,0.000000000000000000e+00
1.212638614848978863e-01,4.991908495796528178e-01,1.000000000000000000e+00,0.000000000000000000e+00
-5.639188887102869474e-01,8.173066254459597779e-01,1.000000000000000000e+00,0.000000000000000000e+00
4.671317096455487872e-01,-1.885213785396438468e-01,1.000000000000000000e+00,0.000000000000000000e+00
-5.887021273825877588e-01,7.793289023352736322e-01,1.000000000000000000e+00,0.000000000000000000e+00
3.678018560005373860e+00,7.391665667701297515e+00,1.000000000000000000e+00,0.000000000000000000e+00
1.067930740419311464e+00,2.365036473413912876e+00,1.000000000000000000e+00,0.000000000000000000e+00
-4.810655719824020737e-01,-1.721545278757787845e-01,1.000000000000000000e+00,0.000000000000000000e+00
9.041483337412976606e-01,4.690933060541150335e-01,1.000000000000000000e+00,0.000000000000000000e+00
-2.065070997434161337e-01,9.877764855868689242e-01,1.000000000000000000e+00,0.000000000000000000e+00
3.488767223119304983e+00,1.620712375303098085e+00,1.000000000000000000e+00,0.000000000000000000e+00
5.268969401296079269e+00,3.806986499167659410e+00,1.000000000000000000e+00,0.000000000000000000e+00
2.631118923981019542e+00,1.538769712212878504e+00,1.000000000000000000e+00,0.000000000000000000e+00
1.037452964032031577e+00,2.308438390576443400e+00,1.000000000000000000e+00,0.000000000000000000e+00
9.607840047755584756e-01,-3.149637142371912724e-01,1.000000000000000000e+00,0.000000000000000000e+00
3.885163577843026239e+00,7.307283159253401550e+00,1.000000000000000000e+00,0.000000000000000000e+00
6.536382269267803080e-01,-7.437119685804731706e-01,1.000000000000000000e+00,0.000000000000000000e+00
1.724265000487099631e+00,2.980194482691938873e+00,1.000000000000000000e+00,0.000000000000000000e+00
2.918422774371267181e+00,2.348519767336479269e+00,1.000000000000000000e+00,0.000000000000000000e+00
1.077413008959378082e+00,2.414294986236074081e+00,1.000000000000000000e+00,0.000000000000000000e+00
2.029941173891836592e-01,-4.406207422267377494e-01,1.000000000000000000e+00,0.000000000000000000e+00
4.166287762051613441e+00,7.273515885788849999e+00,1.000000000000000000e+00,0.000000000000000000e+00
-3.927491743252067846e-02,-9.764631645793101500e-01,1.000000000000000000e+00,0.000000000000000000e+00
-8.715838964367996766e-01,4.937614000600903941e-01,1.000000000000000000e+00,0.000000000000000000e+00
3.994538722417152687e+00,2.470302885977751828e+00,1.000000000000000000e+00,0.000000000000000000e+00
1.085056782878901782e-01,-4.845991516417607059e-01,1.000000000000000000e+00,0.000000000000000000e+00
2.968386711304583869e+00,2.259667847877076419e+00,1.000000000000000000e+00,0.000000000000000000e+00
7.768760735898657677e-01,-6.633441245073048442e-01,1.000000000000000000e+00,0.000000000000000000e+00
1.027328447563009561e+00,2.258050154003651944e+00,1.000000000000000000e+00,0.000000000000000000e+00
-9.326723344745458943e-01,4.335467527180827396e-01,1.000000000000000000e+00,0.000000000000000000e+00
1.950555293342587815e+00,3.006225851053554443e+00,1.000000000000000000e+00,0.000000000000000000e+00
3.438972158991125960e-01,3.750162054045710902e-01,1.000000000000000000e+00,0.000000000000000000e+00
5.209918116913398123e+00,3.660887531899273295e+00,1.000000000000000000e+00,0.000000000000000000e+00
1.089584714046888614e+00,2.426550420381062168e+00,1.000000000000000000e+00,0.000000000000000000e+00
3.809262827918997729e+00,1.900873461325813141e+00,1.000000000000000000e+00,0.000000000000000000e+00
5.140519267588498309e+00,4.033045266943986462e+00,1.000000000000000000e+00,0.000000000000000000e+00
9.892861017970649984e-01,2.186907312269777137e-01,1.000000000000000000e+00,0.000000000000000000e+00
2.044147541109002653e+00,2.370139536749737541e+00,1.000000000000000000e+00,0.000000000000000000e+00
4.824031035068495399e+00,4.053903280279935295e+00,1.000000000000000000e+00,0.000000000000000000e+00
2.191108444944545930e+00,1.865952271924176564e+00,1.000000000000000000e+00,0.000000000000000000e+00
-3.848262633121107279e-01,2.308715633411092261e-01,1.000000000000000000e+00,0.000000000000000000e+00
-7.326577958334830054e-01,6.708575418260066536e-01,1.000000000000000000e+00,0.000000000000000000e+00
-2.463091508962350351e-01,4.685863254638943931e-01,1.000000000000000000e+00,0.000000000000000000e+00
1.003323283520007436e+00,2.234699752819589325e+00,1.000000000000000000e+00,0.000000000000000000e+00
5.074812514975849176e+00,4.014254395888595894e+00,1.000000000000000000e+00,0.000000000000000000e+00
2.169618716838343619e+00,1.934338703451677910e+00,1.000000000000000000e+00,0.000000000000000000e+00
2.365193472708402744e+00,2.905146829053122381e+00,1.000000000000000000e+00,0.000000000000000000e+00
5.013304359898823614e-01,-5.990650369241286299e-02,1.000000000000000000e+00,0.000000000000000000e+00
-9.787186264664630153e-01,2.398203019668265490e-01,1.000000000000000000e+00,0.000000000000000000e+00
-3.624510043764234135e-01,3.033943992859283179e-01,1.000000000000000000e+00,0.000000000000000000e+00
3.004834445177130497e+00,1.529349370328008773e+00,1.000000000000000000e+00,0.000000000000000000e+00
4.330752865738261015e-01,-2.278590633600870996e-01,1.000000000000000000e+00,0.000000000000000000e+00
1.998733762587216134e+00,2.295431423420586370e+00,1.000000000000000000e+00,0.000000000000000000e+00
2.016508893292192628e+00,2.333734985584967614e+00,1.000000000000000000e+00,0.000000000000000000e+00
5.044179620965105748e-01,-6.323503166760859745e-03,1.000000000000000000e+00,0.000000000000000000e+00
2.828703139516772769e+00,2.596688546316167301e+00,1.000000000000000000e+00,0.000000000000000000e+00
2.815058502634799176e+00,2.532690578456767039e+00,1.000000000000000000e+00,0.000000000000000000e+00
3.684419430904996240e+00,1.750370329887816379e+00,1.000000000000000000e+00,0.000000000000000000e+00
1.961245205676249048e+00,3.003156974800669676e+00,1.000000000000000000e+00,0.000000000000000000e+00
5.086568829025953420e+00,3.944099867177992103e+00,1.000000000000000000e+00,0.000000000000000000e+00
4.201597262967796453e+00,7.087801025775704922e+00,1.000000000000000000e+00,0.000000000000000000e+00
-8.312573661731736951e-01,5.418409527041154750e-01,1.000000000000000000e+00,0.000000000000000000e+00
1.623673673238066106e+00,2.941305143611970596e+00,1.000000000000000000e+00,0.000000000000000000e+00
1.031694298557393363e+00,2.206025496549137710e+00,1.000000000000000000e+00,0.000000000000000000e+00
3.003831533531506004e+00,2.059159012350179285e+00,1.000000000000000000e+00,0.000000000000000000e+00
-4.858450398471704235e-01,3.795635191708071621e-03,1.000000000000000000e+00,0.000000000000000000e+00
3.898804715064904336e+00,7.243326777333322752e+00,1.000000000000000000e+00,0.000000000000000000e+00
2.031572083659808126e+00,2.201678166712656814e+00,1.000000000000000000e+00,0.000000000000000000e+00
4.122088190982002409e+00,7.329583909599872271e+00,1.000000000000000000e+00,0.000000000000000000e+00
1.035414668597751664e+00,2.218831951244946588e+00,1.000000000000000000e+00,0.000000000000000000e+00
4.352900217957746065e+00,7.034235515219900314e+00,1.000000000000000000e+00,0.000000000000000000e+00
5.062993631800916106e+00,3.566320639473546272e+00,1.000000000000000000e+00,0.000000000000000000e+00
-5.669475164354719210e-01,-8.457717996538196559e-01,1.000000000000000000e+00,0.000000000000000000e+00
1.627903527953601381e+00,2.910958618157060585e+00,1.000000000000000000e+00,0.000000000000000000e+00
1.248975890375144004e+00,2.621998585325167941e+00,1.000000000000000000e+00,0.000000000000000000e+00
-1.006902928666056907e+00,-1.633343196623683255e-02,1.000000000000000000e+00,0.000000000000000000e+00
-5.028224505948941658e-01,3.389202863863369913e-02,1.000000000000000000e+00,0.000000000000000000e+00
2.689363198341181427e+00,2.731021860402010670e+00,1.000000000000000000e+00,0.000000000000000000e+00
-4.463619987625424418e-02,4.975071821188445376e-01,1.000000000000000000e+00,0.000000000000000000e+00
-5.157883651614623144e-01,1.137160156164581520e-01,1.000000000000000000e+00,0.000000000000000000e+00
3.353661404457255468e-01,9.321660336568340366e-01,1.000000000000000000e+00,0.000000000000000000e+00
3.175426543238330623e+00,1.499543274058337206e+00,1.000000000000000000e+00,0.000000000000000000e+00
2.715208761673487015e+00,2.710730641412296471e+00,1.000000000000000000e+00,0.000000000000000000e+00
1.000459352624598175e+00,2.006935259950948236e+00,1.000000000000000000e+00,0.000000000000000000e+00
-1.226460182046730657e-01,9.665217344893847207e-01,1.000000000000000000e+00,0.000000000000000000e+00
-2.353554707949087332e-01,4.399784830263860358e-01,1.000000000000000000e+00,0.000000000000000000e+00
2.906987057421812182e+00,2.467048718349134084e+00,1.000000000000000000e+00,0.000000000000000000e+00
-1.039190942525482386e+00,-1.288975729687282523e-01,1.000000000000000000e+00,0.000000000000000000e+00
2.743302158652193512e+00,2.633229912875360235e+00,1.000000000000000000e+00,0.000000000000000000e+00
3.140665134585321816e+00,1.505749725455996835e+00,1.000000000000000000e+00,0.000000000000000000e+00
3.155609745344483130e-01,-3.867412419037804527e-01,1.000000000000000000e+00,0.000000000000000000e+00
3.950491987547617434e-01,2.986109047172687547e-01,1.000000000000000000e+00,0.000000000000000000e+00
-1.201171175269901692e-01,-9.805506751016128675e-01,1.000000000000000000e+00,0.000000000000000000e+00
-6.754192784494377211e-01,-7.231393429537338324e-01,1.000000000000000000e+00,0.000000000000000000e+00
3.813802532267445144e-01,3.578876666778167404e-01,1.000000000000000000e+00,0.000000000000000000e+00
3.970732250316488798e+00,2.097982538366820027e+00,1.000000000000000000e+00,0.000000000000000000e+00
1.807435941102911281e+00,3.015862601977635116e+00,1.000000000000000000e+00,0.000000000000000000e+00
4.604154675552440068e+00,3.693162291210816406e+00,1.000000000000000000e+00,0.000000000000000000e+00
-9.987709852562738355e-01,1.101282084230509328e-01,1.000000000000000000e+00,0.000000000000000000e+00
2.913322441721344802e+00,2.378380358862052457e+00,1.000000000000000000e+00,0.000000000000000000e+00
2.917415095654739332e+00,2.346305206117474285e+00,1.000000000000000000e+00,0.000000000000000000e+00
3.841777988991304849e+00,7.231876695140281974e+00,1.000000000000000000e+00,0.000000000000000000e+00
1.543966584081886140e+00,2.825178986348352073e+00,1.000000000000000000e+00,0.000000000000000000e+00
3.385836905877122938e+00,1.557655013235929475e+00,1.000000000000000000e+00,0.000000000000000000e+00
6.477000521830646174e-02,-1.008754929873892703e+00,1.000000000000000000e+00,0.000000000000000000e+00
-5.187770783580603062e-01,-8.356006728646431236e-01,1.000000000000000000e+00,0.000000000000000000e+00
2.046553520478346044e+00,2.134599728469600777e+00,1.000000000000000000e+00,0.000000000000000000e+00
1.195136753969694432e+00,2.525642322708318233e+00,1.000000000000000000e+00,0.000000000000000000e+00
6.799736829835129059e-01,6.857093984365723038e-01,1.000000000000000000e+00,0.000000000000000000e+00
2.063416306707746561e-01,-9.611403104766413907e-01,1.000000000000000000e+00,0.000000000000000000e+00
2.553005937003830272e+00,2.772148118981937692e+00,1.000000000000000000e+00,0.000000000000000000e+00
2.001529359011111175e+00,2.996193910868416133e+00,1.000000000000000000e+00,0.000000000000000000e+00
1.023915173220429242e+00,2.016210272970779371e+00,1.000000000000000000e+00,0.000000000000000000e+00
-3.670373187758351752e-01,3.514102232623416144e-01,1.000000000000000000e+00,0.000000000000000000e+00
2.984818870152137649e+00,2.215807545825347447e+00,1.000000000000000000e+00,0.000000000000000000e+00
1.488543494021195901e+00,2.862426732657403772e+00,1.000000000000000000e+00,0.000000000000000000e+00
4.047543357981375323e+00,7.445101961086779241e+00,1.000000000000000000e+00,0.000000000000000000e+00
4.188344137532404865e-01,-2.304946860873086367e-01,1.000000000000000000e+00,0.000000000000000000e+00
1.014391357322343978e+00,2.107030767781599589e+00,1.000000000000000000e+00,0.000000000000000000e+00
5.052131099112367352e+00,3.929849293597581283e+00,1.000000000000000000e+00,0.000000000000000000e+00
-5.637322299555782568e-01,-8.040748508637870495e-01,1.000000000000000000e+00,0.000000000000000000e+00
1.137788188474829987e+00,2.513072131125785535e+00,1.000000000000000000e+00,0.000000000000000000e+00
8.182225733159498304e-02,-1.031878730290086477e+00,1.000000000000000000e+00,0.000000000000000000e+00
2.892717156353962427e+00,2.420493119226884371e+00,1.000000000000000000e+00,0.000000000000000000e+00
5.046833231174762346e+00,3.840286221459955129e+00,1.000000000000000000e+00,0.000000000000000000e+00
-8.579359272712880902e-01,-5.048485644648148529e-01,1.000000000000000000e+00,0.000000000000000000e+00
3.832601996277098078e+00,1.881626245520383822e+00,1.000000000000000000e+00,0.000000000000000000e+00
9.789568138476523185e-01,6.512122117867551185e-02,1.000000000000000000e+00,0.000000000000000000e+00
6.480747154676002042e-01,7.617001583440179413e-01,1.000000000000000000e+00,0.000000000000000000e+00
2.484856692823715019e+00,1.643192826202488632e+00,1.000000000000000000e+00,0.000000000000000000e+00
4.147983605003952579e-01,-2.860016069617848378e-01,1.000000000000000000e+00,0.000000000000000000e+00
-3.123529828053013824e-01,-4.204578627207178898e-01,1.000000000000000000e+00,0.000000000000000000e+00
1.222146294238994457e+00,2.608826358399024770e+00,1.000000000000000000e+00,0.000000000000000000e+00
2.111928874330168515e+00,1.967469329699822023e+00,1.000000000000000000e+00,0.000000000000000000e+00
-9.615258781644151487e-01,3.242688386582980309e-01,1.000000000000000000e+00,0.000000000000000000e+00
-4.029755788357841095e-01,2.890347393845982826e-01,1.000000000000000000e+00,0.000000000000000000e+00
4.817495669876072029e+00,3.796300389078199444e+00,1.000000000000000000e+00,0.000000000000000000e+00
2.761820382375466565e+00,1.533319309197057390e+00,1.000000000000000000e+00,0.000000000000000000e+00
4.411423060734578905e-01,-8.708180816884744102e-01,1.000000000000000000e+00,0.000000000000000000e+00
-4.298136212097730668e-01,-2.680026696101410200e-01,1.000000000000000000e+00,0.000000000000000000e+00
1.645618753974783965e+00,2.932096333280692413e+00,1.000000000000000000e+00,0.000000000000000000e+00
1.274264663891873928e-01,9.793492297508783473e-01,1.000000000000000000e+00,0.000000000000000000e+00
2.148145487450598967e+00,1.966233371880919956e+00,1.000000000000000000e+00,0.000000000000000000e+00
2.086808875343921788e-01,4.259936883715127465e-01,1.000000000000000000e+00,0.000000000000000000e+00
-4.919547993608374137e-01,-8.595188346191741102e-01,1.000000000000000000e+00,0.000000000000000000e+00
1.037704751502678047e+00,2.345208358762270073e+00,1.000000000000000000e+00,0.000000000000000000e+00
1.547596210030072195e+00,2.881969177109173330e+00,1.000000000000000000e+00,0.000000000000000000e+00
3.813640822137604136e+00,6.958530806982054173e+00,1.000000000000000000e+00,0.000000000000000000e+00
1.843826621108450414e+00,2.995638989230933635e+00,1.000000000000000000e+00,0.000000000000000000e+00
1.625549157712127268e+00,2.928178330165749799e+00,1.000000000000000000e+00,0.000000000000000000e+00
2.750172317417635348e+00,1.539831776595774748e+00,1.000000000000000000e+00,0.000000000000000000e+00
2.972821929588680856e+00,1.471537497661906446e+00,1.000000000000000000e+00,0.000000000000000000e+00
-7.509051720455706125e-01,-6.731353824060659630e-01,1.000000000000000000e+00,0.000000000000000000e+00
2.238834152294500168e-01,9.836493781227843014e-01,1.000000000000000000e+00,0.000000000000000000e+00
2.006030511015083118e+00,2.413145333462980435e+00,1.000000000000000000e+00,0.000000000000000000e+00
1.106492922049405969e+00,2.435067027813135887e+00,1.000000000000000000e+00,0.000000000000000000e+00
-3.483172883429639377e-01,3.394932639334609648e-01,1.000000000000000000e+00,0.000000000000000000e+00
1.005948144942089062e+00,2.069842354037301657e+00,1.000000000000000000e+00,0.000000000000000000e+00
3.968413514900996031e+00,7.070168627900150327e+00,1.000000000000000000e+00,0.000000000000000000e+00
5.159480496723429788e+00,3.782506065975323573e+00,1.000000000000000000e+00,0.000000000000000000e+00
-3.212906483803026902e-01,3.902418744479932422e-01,1.000000000000000000e+00,0.000000000000000000e+00
3.002179890673864371e+00,2.165756410957822453e+00,1.000000000000000000e+00,0.000000000000000000e+00
-9.280741247301860231e-01,-3.126005244824599516e-01,1.000000000000000000e+00,0.000000000000000000e+00
3.989573523023128843e+00,7.364281706996345989e+00,1.000000000000000000e+00,0.000000000000000000e+00
4.009604777621000871e+00,7.430793614826811222e+00,1.000000000000000000e+00,0.000000000000000000e+00
5.885695784771272088e-01,-7.828783366828409029e-01,1.000000000000000000e+00,0.000000000000000000e+00
2.427427397930415509e+00,1.683518644216487559e+00,1.000000000000000000e+00,0.000000000000000000e+00
1.937481668839523330e+00,2.965721590547445441e+00,1.000000000000000000e+00,0.000000000000000000e+00
4.916857551875999377e+00,4.204939070787096611e+00,1.000000000000000000e+00,0.000000000000000000e+00
-5.079707647718733066e-01,-4.057643599120697858e-02,1.000000000000000000e+00,0.000000000000000000e+00
3.892709675964687310e+00,2.049117214066281001e+00,1.000000000000000000e+00,0.000000000000000000e+00
2.242913589190032919e+00,2.937399591044889569e+00,1.000000000000000000e+00,0.000000000000000000e+00
5.042942241013748550e+00,3.876202604679702013e+00,1.000000000000000000e+00,0.000000000000000000e+00
5.033159389986384014e+00,4.101698202281096606e+00,1.000000000000000000e+00,0.000000000000000000e+00
5.029299256482081537e-01,-1.073220587723754949e-01,1.000000000000000000e+00,0.000000000000000000e+00
5.051863438660589622e+00,3.973494007048953058e+00,1.000000000000000000e+00,0.000000000000000000e+00
1.389931747136463613e+00,2.777559074770564962e+00,1.000000000000000000e+00,0.000000000000000000e+00
9.284225999076124447e-01,-3.943933209031849629e-01,1.000000000000000000e+00,0.000000000000000000e+00
2.120958111025524673e+00,2.968116620981693377e+00,1.000000000000000000e+00,0.000000000000000000e+00
5.348583264547713156e+00,4.068174047830183326e+00,1.000000000000000000e+00,0.000000000000000000e+00
-1.616972332646190169e-01,-9.862375285050331009e-01,1.000000000000000000e+00,0.000000000000000000e+00
-3.351147462586702708e-01,3.381224277278628843e-01,1.000000000000000000e+00,0.000000000000000000e+00
9.899237804674188013e-01,1.616631125403776015e-01,1.000000000000000000e+00,0.000000000000000000e+00
-4.631073957743752634e-01,1.960417871706055526e-01,1.000000000000000000e+00,0.000000000000000000e+00
2.650088042948225642e+00,1.563682298094700718e+00,1.000000000000000000e+00,0.000000000000000000e+00
2.022242888916113479e+00,2.184513568769189007e+00,1.000000000000000000e+00,0.000000000000000000e+00
3.797176766307759799e+00,7.381167827020242100e+00,1.000000000000000000e+00,0.000000000000000000e+00
5.744805475551391372e-02,1.026308569069326326e+00,1.000000000000000000e+00,0.000000000000000000e+00
3.815588145711727108e+00,7.165877371898349502e+00,1.000000000000000000e+00,0.000000000000000000e+00
1.019804268996188590e+00,2.228965581647057714e+00,1.000000000000000000e+00,0.000000000000000000e+00
4.917699999227141738e+00,3.654848179319112766e+00,1.000000000000000000e+00,0.000000000000000000e+00
-3.240549711832959590e-01,-9.268680188703264378e-01,1.000000000000000000e+00,0.000000000000000000e+00
3.354715806348589346e+00,1.583757740169189354e+00,1.000000000000000000e+00,0.000000000000000000e+00
3.892708076100391601e+00,2.046289844086285115e+00,1.000000000000000000e+00,0.000000000000000000e+00
9.926224992846117701e-01,7.989885336430484208e-02,1.000000000000000000e+00,0.000000000000000000e+00
1.276282539602042743e+00,2.700031414240346983e+00,1.000000000000000000e+00,0.000000000000000000e+00
-4.011069951404951928e-01,-3.345249541974156804e-01,1.000000000000000000e+00,0.000000000000000000e+00
1.140827909978424426e+00,2.520925707821282113e+00,1.000000000000000000e+00,0.000000000000000000e+00
2.853481476049647636e+00,2.554531432814917125e+00,1.000000000000000000e+00,0.000000000000000000e+00
9.352153573392704144e-01,3.101825838095822463e-01,1.000000000000000000e+00,0.000000000000000000e+00
9.775219411879826348e-01,-1.689824584694828991e-01,1.000000000000000000e+00,0.000000000000000000e+00
4.910148045740161393e+00,3.620990868858925626e+00,1.000000000000000000e+00,0.000000000000000000e+00
3.208308134691159275e+00,1.523685428888490456e+00,1.000000000000000000e+00,0.000000000000000000e+00
-3.930694436090683141e-01,-3.172187286150153773e-01,1.000000000000000000e+00,0.000000000000000000e+00
2.866783002871964747e+00,2.545384121775769337e+00,1.000000000000000000e+00,0.000000000000000000e+00
2.126094757942230462e+00,2.105347686202620583e+00,1.000000000000000000e+00,0.000000000000000000e+00
1.347474170003996718e+00,2.710473708765502643e+00,1.000000000000000000e+00,0.000000000000000000e+00
2.007033597883415954e+00,2.476557695994419550e+00,1.000000000000000000e+00,0.000000000000000000e+00
1.643952306500625626e-01,-9.783177843007315744e-01,1.000000000000000000e+00,0.000000000000000000e+00
4.213876037016955678e+00,7.367175849833359713e+00,1.000000000000000000e+00,0.000000000000000000e+00
3.158053715522779470e+00,1.490868010831805979e+00,1.000000000000000000e+00,0.000000000000000000e+00
3.957465385134496749e+00,2.244996813410069958e+00,1.000000000000000000e+00,0.000000000000000000e+00
3.970633632878763919e+00,7.389453701554473675e+00,1.000000000000000000e+00,0.000000000000000000e+00
4.360858483842571687e+00,7.599890285735274809e+00,1.000000000000000000e+00,0.000000000000000000e+00
8.788541242261174169e-01,5.300463288910307602e-01,1.000000000000000000e+00,0.000000000000000000e+00
3.722173078849348116e+00,7.497666669079992019e+00,1.000000000000000000e+00,0.000000000000000000e+00
1.519677602188318488e+00,2.886312322086667770e+00,1.000000000000000000e+00,0.000000000000000000e+00
5.110170792977665855e+00,3.719480643338830994e+00,1.000000000000000000e+00,0.000000000000000000e+00
2.218294135468617867e+00,2.977238550883455570e+00,1.000000000000000000e+00,0.000000000000000000e+00
4.935536734048280749e+00,3.674484262745858043e+00,1.000000000000000000e+00,0.000000000000000000e+00
-1.040030167353135360e-01,5.429380907380860766e-01,1.000000000000000000e+00,0.000000000000000000e+00
3.072818642025746394e-01,-3.972908303386767925e-01,1.000000000000000000e+00,0.000000000000000000e+00
2.304165893559917855e+00,1.793887197510015463e+00,1.000000000000000000e+00,0.000000000000000000e+00
3.847546397979916932e+00,6.859106697003504394e+00,1.000000000000000000e+00,0.000000000000000000e+00
9.702547797511132388e-02,4.996020287900815871e-01,1.000000000000000000e+00,0.000000000000000000e+00
3.510305284316300067e+00,1.650706742268957194e+00,1.000000000000000000e+00,0.000000000000000000e+00
-9.706002197411924826e-01,-2.474911356625476566e-01,1.000000000000000000e+00,0.000000000000000000e+00
1.826013050483119293e-01,4.778070685738956547e-01,1.000000000000000000e+00,0.000000000000000000e+00
-2.635215436495384478e-01,4.398112638263842467e-01,1.000000000000000000e+00,0.000000000000000000e+00
3.841403546415019576e+00,7.310153439103260098e+00,1.000000000000000000e+00,0.000000000000000000e+00
1.031613050233247009e+00,2.069915387472061497e+00,1.000000000000000000e+00,0.000000000000000000e+00
3.953944136678093635e+00,2.276160073206686896e+00,1.000000000000000000e+00,0.000000000000000000e+00
-4.953181590299229886e-01,5.220508597152031388e-02,1.000000000000000000e+00,0.000000000000000000e+00
5.135076790560903603e+00,3.343145108652606723e+00,1.000000000000000000e+00,0.000000000000000000e+00
3.718067008831090092e+00,1.797941634895071861e+00,1.000000000000000000e+00,0.000000000000000000e+00
5.086488883441725450e-01,-8.484527703614745953e-01,1.000000000000000000e+00,0.000000000000000000e+00
3.762873190484413710e-01,-9.501630302420613905e-01,1.000000000000000000e+00,0.000000000000000000e+00
2.089626466324074894e+00,2.992893250231851709e+00,1.000000000000000000e+00,0.000000000000000000e+00
3.428934210184211850e-01,4.006494403847124519e-01,1.000000000000000000e+00,0.000000000000000000e+00
5.241637196255738651e+00,3.965656656698189231e+00,1.000000000000000000e+00,0.000000000000000000e+00
2.659821430422590893e+00,1.540111344489862866e+00,1.000000000000000000e+00,0.000000000000000000e+00
2.349463368514599637e-02,5.117033516070286225e-01,1.000000000000000000e+00,0.000000000000000000e+00
7.895684020226766409e-01,6.175855368598884843e-01,1.000000000000000000e+00,0.000000000000000000e+00
1.005984213392453253e+00,2.013585343560480467e+00,1.000000000000000000e+00,0.000000000000000000e+00
-3.637276580671796045e-01,-9.595956496011225356e-01,1.000000000000000000e+00,0.000000000000000000e+00
2.229272039956696982e+00,2.963180601908787626e+00,1.000000000000000000e+00,0.000000000000000000e+00
2.066196099651849583e+00,2.161474814631640928e+00,1.000000000000000000e+00,0.000000000000000000e+00
2.085073970662888243e+00,2.990139490574013514e+00,1.000000000000000000e+00,0.000000000000000000e+00
3.429579006292836851e+00,1.579942354529286330e+00,1.000000000000000000e+00,0.000000000000000000e+00
4.275085893178015795e+00,7.262755674695229757e+00,1.000000000000000000e+00,0.000000000000000000e+00
2.520165427989631279e+00,2.842265482659906972e+00,1.000000000000000000e+00,0.000000000000000000e+00
1.567475495407834485e+00,2.900936014091255011e+00,1.000000000000000000e+00,0.000000000000000000e+00
-5.002081290953771520e-01,8.567726460936270216e-02,1.000000000000000000e+00,0.000000000000000000e+00
-1.031882600369674385e+00,3.910772517963645445e-02,1.000000000000000000e+00,0.000000000000000000e+00
2.882964593129273556e+00,1.516460725149288757e+00,1.000000000000000000e+00,0.000000000000000000e+00
-2.960413979439049381e-01,-3.552851688074262770e-01,1.000000000000000000e+00,0.000000000000000000e+00
2.063465544889210523e+00,2.999625591232081945e+00,1.000000000000000000e+00,0.000000000000000000e+00
4.166154239931646686e+00,7.321297575725428608e+00,1.000000000000000000e+00,0.000000000000000000e+00
3.838334134065547687e+00,1.947120960877727791e+00,1.000000000000000000e+00,0.000000000000000000e+00
4.166161135158268358e-01,-9.287086817805081385e-01,1.000000000000000000e+00,0.000000000000000000e+00
-6.439517632815385806e-01,-7.645912850942182537e-01,1.000000000000000000e+00,0.000000000000000000e+00
2.130024434407775225e+00,1.963466244050405596e+00,1.000000000000000000e+00,0.000000000000000000e+00
3.895634689151859398e+00,7.548276341524875477e+00,1.000000000000000000e+00,0.000000000000000000e+00
3.009681363948534027e+00,2.077850022851648326e+00,1.000000000000000000e+00,0.000000000000000000e+00
2.924267580038282688e+00,2.387687604765015070e+00,1.000000000000000000e+00,0.000000000000000000e+00
-2.465125915314916316e-01,-4.400110406633809812e-01,1.000000000000000000e+00,0.000000000000000000e+00
2.084769660475664033e+00,2.114276127826103746e+00,1.000000000000000000e+00,0.000000000000000000e+00
-9.092584815874762416e-01,-3.502825508742413718e-01,1.000000000000000000e+00,0.000000000000000000e+00
2.401446554384622178e+00,1.700240414119543519e+00,1.000000000000000000e+00,0.000000000000000000e+00
3.956579573661408666e+00,7.171091670175968602e+00,1.000000000000000000e+00,0.000000000000000000e+00
5.193231154339835953e+00,4.158032905850935990e+00,1.000000000000000000e+00,0.000000000000000000e+00
2.284781657673337740e+00,1.800164791998219105e+00,1.000000000000000000e+00,0.000000000000000000e+00
-9.686365085952886034e-01,3.524307923831954126e-01,1.000000000000000000e+00,0.000000000000000000e+00
2.314193044946132538e+00,2.935581773138272066e+00,1.000000000000000000e+00,0.000000000000000000e+00
2.477379975074370133e+00,2.936895777177477740e+00,1.000000000000000000e+00,0.000000000000000000e+00
2.689654699051785558e-02,-1.033797841543249163e+00,1.000000000000000000e+00,0.000000000000000000e+00
2.292056506058220311e+00,1.810343533104744829e+00,1.000000000000000000e+00,0.000000000000000000e+00
2.022483965697307262e+00,2.364600256785191146e+00,1.000000000000000000e+00,0.000000000000000000e+00
2.998767974480593512e+00,1.516008432169080988e+00,1.000000000000000000e+00,0.000000000000000000e+00
5.704016352104689103e-02,9.935961928678677113e-01,1.000000000000000000e+00,0.000000000000000000e+00
3.731702816340535911e+00,1.803077475152662146e+00,1.000000000000000000e+00,0.000000000000000000e+00
4.829902359681529589e+00,3.751528109364971719e+00,1.000000000000000000e+00,0.000000000000000000e+00
4.930692414413637703e-01,3.722368936281838375e-02,1.000000000000000000e+00,0.000000000000000000e+00
2.027669279236191890e+00,2.174324857061441740e+00,1.000000000000000000e+00,0.000000000000000000e+00
4.892594669592037704e+00,3.604378794377434136e+00,1.000000000000000000e+00,0.000000000000000000e+00
8.974101132626577382e-01,-3.518517270786938878e-01,1.000000000000000000e+00,0.000000000000000000e+00
-1.934857229196239592e-01,-1.014881369400536970e+00,1.000000000000000000e+00,0.000000000000000000e+00
-1.007798659870857483e+00,6.059025111551272907e-02,1.000000000000000000e+00,0.000000000000000000e+00
1.862546185194390302e+00,2.967814069517260123e+00,1.000000000000000000e+00,0.000000000000000000e+00
2.395788802815054019e+00,1.716548855644231431e+00,1.000000000000000000e+00,0.000000000000000000e+00
3.251194891662890996e+00,1.537741004316399707e+00,1.000000000000000000e+00,0.000000000000000000e+00
1.424463203119746169e+00,2.819319601101560657e+00,1.000000000000000000e+00,0.000000000000000000e+00
3.638951843895546823e+00,1.750885223538972912e+00,1.000000000000000000e+00,0.000000000000000000e+00
-8.782258375159100738e-02,5.007572798700814509e-01,1.000000000000000000e+00,0.000000000000000000e+00
-8.947295711589678957e-01,4.492696660848063406e-01,1.000000000000000000e+00,0.000000000000000000e+00
-5.033527282566094829e-01,8.762656925747656089e-01,1.000000000000000000e+00,0.000000000000000000e+00
3.905107632782396365e+00,1.999952245453844757e+00,1.000000000000000000e+00,0.000000000000000000e+00
4.055471421078824079e+00,7.085175025702288742e+00,1.000000000000000000e+00,0.000000000000000000e+00
-1.541463627071248260e-02,4.759538135339641540e-01,1.000000000000000000e+00,0.000000000000000000e+00
-6.546654103481763798e-01,-7.818403380408066594e-01,1.000000000000000000e+00,0.000000000000000000e+00
-9.366318325024552971e-01,-2.898805214458594626e-01,1.000000000000000000e+00,0.000000000000000000e+00
-1.548982079735627126e-01,4.895766223533917216e-01,1.000000000000000000e+00,0.000000000000000000e+00
9.922408223955379025e-01,2.087554558572989549e+00,1.000000000000000000e+00,0.000000000000000000e+00
3.643052515064047370e+00,1.701795921398586042e+00,1.000000000000000000e+00,0.000000000000000000e+00
3.962621757481568974e+00,7.646455871778263358e+00,1.000000000000000000e+00,0.000000000000000000e+00
-4.527410265460192207e-01,1.831444657339029447e-01,1.000000000000000000e+00,0.000000000000000000e+00
-9.947390594266737329e-01,1.384596443136448252e-01,1.000000000000000000e+00,0.000000000000000000e+00
2.557406735716941437e+00,2.832561151753298034e+00,1.000000000000000000e+00,0.000000000000000000e+00
4.080925410652845642e+00,7.269478061203940022e+00,1.000000000000000000e+00,0.000000000000000000e+00
-4.807676658339596898e-01,-8.760614887868943823e-01,1.000000000000000000e+00,0.000000000000000000e+00
4.222328214692039339e+00,7.544263297205271890e+00,1.000000000000000000e+00,0.000000000000000000e+00
4.091588241869483333e+00,7.262127576332790824e+00,1.000000000000000000e+00,0.000000000000000000e+00
3.620032124379179095e+00,1.723114128600281347e+00,1.000000000000000000e+00,0.000000000000000000e+00
4.365182253332289819e-01,2.437383072037554721e-01,1.000000000000000000e+00,0.000000000000000000e+00
2.260641268754022715e+00,1.833020515206086554e+00,1.000000000000000000e+00,0.000000000000000000e+00
3.613992460170740717e+00,1.699072814415242494e+00,1.000000000000000000e+00,0.000000000000000000e+00
2.792129169266052813e+00,2.536434015168258505e+00,1.000000000000000000e+00,0.000000000000000000e+00
5.204705188273804239e+00,3.659874668897189487e+00,1.000000000000000000e+00,0.000000000000000000e+00
3.798712929020472640e+00,6.907628033803604239e+00,1.000000000000000000e+00,0.000000000000000000e+00
-2.607239907841281679e-01,-4.433019644223151201e-01,1.000000000000000000e+00,0.000000000000000000e+00
2.211538247297001103e+00,1.877034472307933521e+00,1.000000000000000000e+00,0.000000000000000000e+00
-3.182737771883283884e-01,-3.499347425510414555e-01,1.000000000000000000e+00,0.000000000000000000e+00
-9.635453702501735052e-01,2.382141805164670334e-01,1.000000000000000000e+00,0.000000000000000000e+00
4.212025992778425376e+00,7.267802360285919860e+00,1.000000000000000000e+00,0.000000000000000000e+00
2.799489556602088314e+00,2.566324750155030809e+00,1.000000000000000000e+00,0.000000000000000000e+00
5.001720814054085196e+00,3.672061393643935467e+00,1.000000000000000000e+00,0.000000000000000000e+00
-3.647740805015249332e-01,3.079528929353115285e-01,1.000000000000000000e+00,0.000000000000000000e+00
4.295524613358462362e-01,8.889825544195322227e-01,1.000000000000000000e+00,0.000000000000000000e+00
8.264896460152696411e-01,-5.477729571463798575e-01,1.000000000000000000e+00,0.000000000000000000e+00
4.990758558077701967e-01,4.013598672811756474e-02,1.000000000000000000e+00,0.000000000000000000e+00
4.864078521334322502e+00,3.828467304798059523e+00,1.000000000000000000e+00,0.000000000000000000e+00
2.843221620162784125e-01,-4.765269857740742632e-01,1.000000000000000000e+00,0.000000000000000000e+00
3.157549297366144980e+00,1.530147217690208672e+00,1.000000000000000000e+00,0.000000000000000000e+00
3.725711006536509551e+00,7.459285398614771800e+00,1.000000000000000000e+00,0.000000000000000000e+00
3.793705633457663318e+00,7.527190585067560669e+00,1.000000000000000000e+00,0.000000000000000000e+00
3.650230409153286004e+00,7.396343778553545079e+00,1.000000000000000000e+00,0.000000000000000000e+00
3.077699467550202961e+00,1.540609871767266270e+00,1.000000000000000000e+00,0.000000000000000000e+00
3.774398420999992787e+00,1.806356605581557861e+00,1.000000000000000000e+00,0.000000000000000000e+00
1.788382923814527958e-01,1.010337737752730947e+00,1.000000000000000000e+00,0.000000000000000000e+00
4.357921254399592104e-01,-2.608224116070318455e-01,1.000000000000000000e+00,0.000000000000000000e+00
3.970143976007855180e+00,2.264305295732673251e+00,1.000000000000000000e+00,0.000000000000000000e+00
2.866280684568706327e+00,2.498979482984658773e+00,1.000000000000000000e+00,0.000000000000000000e+00
2.624971914320827437e+00,1.577307594596788487e+00,1.000000000000000000e+00,0.000000000000000000e+00
2.313399854363575425e+00,1.773742755436473750e+00,1.000000000000000000e+00,0.000000000000000000e+00
5.112536259211333700e+00,4.019432426833026817e+00,1.000000000000000000e+00,0.000000000000000000e+00
4.918465341885434938e+00,4.229573819175911353e+00,1.000000000000000000e+00,0.000000000000000000e+00
1.724004959328763464e-01,-4.633685970383693009e-01,1.000000000000000000e+00,0.000000000000000000e+00
1.314992143043412831e+00,2.706728895026667026e+00,1.000000000000000000e+00,0.000000000000000000e+00
2.029027749305907236e+00,2.216362190320343650e+00,1.000000000000000000e+00,0.000000000000000000e+00
2.664644604176845455e+00,2.728892971094421860e+00,1.000000000000000000e+00,0.000000000000000000e+00
4.747408163239449364e-01,-6.014366000876414375e-02,1.000000000000000000e+00,0.000000000000000000e+00
9.164613481405279316e-01,-3.866228307991539936e-01,1.000000000000000000e+00,0.000000000000000000e+00
1.345231018386673361e+00,2.769722395738873910e+00,1.000000000000000000e+00,0.000000000000000000e+00
2.078259512623916283e+00,2.237405975076962594e+00,1.000000000000000000e+00,0.000000000000000000e+00
7.165634199645356528e-01,-6.449426500299191289e-01,1.000000000000000000e+00,0.000000000000000000e+00
-1.075254728591395342e-02,-4.992959522219247437e-01,1.000000000000000000e+00,0.000000000000000000e+00
5.354164430331151081e+00,3.483666654935230422e+00,1.000000000000000000e+00,0.000000000000000000e+00
2.874597437679691669e+00,2.479770607708331021e+00,1.000000000000000000e+00,0.000000000000000000e+00
4.800661076760751045e-01,-7.416272669987494792e-02,1.000000000000000000e+00,0.000000000000000000e+00
2.064519160374385987e+00,2.170975242719518583e+00,1.000000000000000000e+00,0.000000000000000000e+00
4.649130627876578714e+00,4.310562232209800726e+00,1.000000000000000000e+00,0.000000000000000000e+00
2.657841752211020037e+00,2.737556598841510702e+00,1.000000000000000000e+00,0.000000000000000000e+00
2.990642745187180207e+00,1.465173695020993261e+00,1.000000000000000000e+00,0.000000000000000000e+00
5.237303303051396242e+00,3.961107302976197175e+00,1.000000000000000000e+00,0.000000000000000000e+00
3.527773712791586469e+00,1.643989394213374533e+00,1.000000000000000000e+00,0.000000000000000000e+00
7.576005412308997045e-01,6.515441367225286440e-01,1.000000000000000000e+00,0.000000000000000000e+00
3.635016040421492622e+00,7.693942406494747921e+00,1.000000000000000000e+00,0.000000000000000000e+00
-1.049794204464286340e-01,-5.062866831319901006e-01,1.000000000000000000e+00,0.000000000000000000e+00
2.502543606950786703e-01,-4.335834633989709141e-01,1.000000000000000000e+00,0.000000000000000000e+00
2.076529801152047772e-01,-9.968603107852459511e-01,1.000000000000000000e+00,0.000000000000000000e+00
1.760013062157719022e+00,3.002090987764787222e+00,1.000000000000000000e+00,0.000000000000000000e+00
2.309542764966160955e-01,-4.719579316026421556e-01,1.000000000000000000e+00,0.000000000000000000e+00
2.624154768128641457e+00,2.749587689635887955e+00,1.000000000000000000e+00,0.000000000000000000e+00
1.002070657799494668e+00,1.278624054704822488e-01,1.000000000000000000e+00,0.000000000000000000e+00
3.616512120026600940e-01,-2.846998118736191463e-01,1.000000000000000000e+00,0.000000000000000000e+00
-1.768791780976135819e-01,-4.532980214883115533e-01,1.000000000000000000e+00,0.000000000000000000e+00
1.673154589342331633e-01,-5.243476049633067904e-01,1.000000000000000000e+00,0.000000000000000000e+00
4.929650009504562114e+00,3.801458236245779165e+00,1.000000000000000000e+00,0.000000000000000000e+00
1.475724262056706149e+00,2.850973109869887168e+00,1.000000000000000000e+00,0.000000000000000000e+00
-9.054100763245525041e-01,-4.144962676284945080e-01,1.000000000000000000e+00,0.000000000000000000e+00
2.199626234199476116e+00,1.856607918751799202e+00,1.000000000000000000e+00,0.000000000000000000e+00
6.956200190872343647e-01,7.446229543224608394e-01,1.000000000000000000e+00,0.000000000000000000e+00
2.772557925196887929e+00,2.671146491600590256e+00,1.000000000000000000e+00,0.000000000000000000e+00
1.191577474482973936e-01,-9.619194745068632146e-01,1.000000000000000000e+00,0.000000000000000000e+00
3.978370082690659171e+00,7.660961426229556892e+00,1.000000000000000000e+00,0.000000000000000000e+00
-1.107165614401044162e-01,-4.865908649917530804e-01,1.000000000000000000e+00,0.000000000000000000e+00
-2.288241716121213465e-01,-9.585704287618870278e-01,1.000000000000000000e+00,0.000000000000000000e+00
4.946695226229534725e+00,3.980873669190222230e+00,1.000000000000000000e+00,0.000000000000000000e+00
1.076345390385713863e+00,2.239229914402273813e+00,1.000000000000000000e+00,0.000000000000000000e+00
2.316389201684307064e+00,1.729066929888802395e+00,1.000000000000000000e+00,0.000000000000000000e+00
4.549239965981003442e-01,-1.262856613305449460e-01,1.000000000000000000e+00,0.000000000000000000e+00
1.019966366055157003e+00,2.154504447681187429e+00,1.000000000000000000e+00,0.000000000000000000e+00
4.095700081116727675e-01,3.093919295149227255e-01,1.000000000000000000e+00,0.000000000000000000e+00
5.183293826652396241e+00,3.574272451075770185e+00,1.000000000000000000e+00,0.000000000000000000e+00
3.809108379850892345e-01,3.336551726693388620e-01,1.000000000000000000e+00,0.000000000000000000e+00
3.894069457044075033e+00,2.017052538626835645e+00,1.000000000000000000e+00,0.000000000000000000e+00
4.982328812554540853e+00,3.929004430992409702e+00,1.000000000000000000e+00,0.000000000000000000e+00
3.228238637298280089e+00,1.536796858926133602e+00,1.000000000000000000e+00,0.000000000000000000e+00
2.416167619730712701e+00,2.908322945610907873e+00,1.000000000000000000e+00,0.000000000000000000e+00
5.208600157761894778e+00,3.968922223432394425e+00,1.000000000000000000e+00,0.000000000000000000e+00
4.130628188789228439e+00,7.468488158241136432e+00,1.000000000000000000e+00,0.000000000000000000e+00
2.862563767430007289e+00,1.472424465766929647e+00,1.000000000000000000e+00,0.000000000000000000e+00
-4.144826021705030339e-01,-3.078811055553752341e-01,1.000000000000000000e+00,0.000000000000000000e+00
3.893546282394545699e+00,7.154296365160238480e+00,1.000000000000000000e+00,0.000000000000000000e+00
7.255121554719430321e-01,6.317768951754629825e-01,1.000000000000000000e+00,0.000000000000000000e+00
2.080620043751111037e-01,-4.390599730450989169e-01,1.000000000000000000e+00,0.000000000000000000e+00
3.178806697845765750e-01,3.947620206622287631e-01,1.000000000000000000e+00,0.000000000000000000e+00
-4.525807740042979699e-01,8.962032149974461515e-01,1.000000000000000000e+00,0.000000000000000000e+00
4.035917713387705774e+00,7.569064506785796453e+00,1.000000000000000000e+00,0.000000000000000000e+00
4.793962151085814583e+00,4.229289795861574497e+00,1.000000000000000000e+00,0.000000000000000000e+00
4.014669143192652001e+00,2.451042050879680634e+00,1.000000000000000000e+00,0.000000000000000000e+00
4.770455339636371583e+00,3.798999683265497751e+00,1.000000000000000000e+00,0.000000000000000000e+00
-2.689137481569502386e-01,9.448943066898580767e-01,1.000000000000000000e+00,0.000000000000000000e+00
2.353454992402279067e-01,4.593724680964743068e-01,1.000000000000000000e+00,0.000000000000000000e+00
4.924785804955473800e+00,3.819472984900416535e+00,1.000000000000000000e+00,0.000000000000000000e+00
2.357857393296030057e+00,2.886914423517390027e+00,1.000000000000000000e+00,0.000000000000000000e+00
6.785439140952164161e-01,7.099080732727101051e-01,1.000000000000000000e+00,0.000000000000000000e+00
3.326586448458147771e+00,1.520930603771327050e+00,1.000000000000000000e+00,0.000000000000000000e+00
1.983871279220486672e+00,2.365664160012640238e+00,1.000000000000000000e+00,0.000000000000000000e+00
5.168725577003412397e+00,3.853128639834905833e+00,1.000000000000000000e+00,0.000000000000000000e+00
2.385012630386808219e+00,2.961666817866610124e+00,1.000000000000000000e+00,0.000000000000000000e+00
2.741493102963097339e+00,2.674913240063977238e+00,1.000000000000000000e+00,0.000000000000000000e+00
1.192055846457948487e+00,2.538003187702366770e+00,1.000000000000000000e+00,0.000000000000000000e+00
3.676727604936069205e-01,3.703328300800671213e-01,1.000000000000000000e+00,0.000000000000000000e+00
5.232654394650942953e-01,8.415821573137572953e-01,1.000000000000000000e+00,0.000000000000000000e+00
4.011755306997245363e+00,7.223431140206737489e+00,1.000000000000000000e+00,0.000000000000000000e+00
-4.447780028008336828e-01,-9.172421638538487132e-01,1.000000000000000000e+00,0.000000000000000000e+00
3.964138720402542226e+00,2.265416070889846978e+00,1.000000000000000000e+00,0.000000000000000000e+00
-4.002017925068852011e-01,-3.260446900055263830e-01,1.000000000000000000e+00,0.000000000000000000e+00
-2.563876696560800639e-01,-4.404435822424024871e-01,1.000000000000000000e+00,0.000000000000000000e+00
3.983507737415146632e+00,2.356208892294276325e+00,1.000000000000000000e+00,0.000000000000000000e+00
-7.199800257888283594e-01,-6.715880628256958307e-01,1.000000000000000000e+00,0.000000000000000000e+00
4.738679841965861783e+00,4.019739535759377702e+00,1.000000000000000000e+00,0.000000000000000000e+00
3.868140832182171973e-01,-9.131256032351093843e-01,1.000000000000000000e+00,0.000000000000000000e+00
-6.929284078872992581e-01,7.011913526951657483e-01,1.000000000000000000e+00,0.000000000000000000e+00
-8.393612728667428080e-02,4.750876198188695443e-01,1.000000000000000000e+00,0.000000000000000000e+00
2.409354592051329291e+00,1.736413909571614456e+00,1.000000000000000000e+00,0.000000000000000000e+00
1.201041093877765142e+00,2.589377288349210993e+00,1.000000000000000000e+00,0.000000000000000000e+00
2.548375101114809471e+00,2.801775872630711817e+00,1.000000000000000000e+00,0.000000000000000000e+00
1.851773186160877716e-01,9.370405406083175404e-01,1.000000000000000000e+00,0.000000000000000000e+00
1.818027356232499558e+00,2.959123757435750068e+00,1.000000000000000000e+00,0.000000000000000000e+00
2.854466238382800558e+00,1.529271896027690536e+00,1.000000000000000000e+00,0.000000000000000000e+00
-4.930318893365731037e-01,-3.611045282587311417e-02,1.000000000000000000e+00,0.000000000000000000e+00
1.304763509808880784e+00,2.702268730000915387e+00,1.000000000000000000e+00,0.000000000000000000e+00
3.889239368202167313e+00,7.673640073144258444e+00,1.000000000000000000e+00,0.000000000000000000e+00
-6.468094026392020579e-01,7.747149699045372540e-01,1.000000000000000000e+00,0.000000000000000000e+00

